Date,Price,fees
2010-01-02,0.0,0.0
2010-01-03,0.0,0.0
2010-01-04,0.0,0.0
2010-01-05,0.0,0.0
2010-01-06,0.0,0.0
2010-01-07,0.0,0.0
2010-01-08,0.0,0.0
2010-01-09,0.0,0.0
2010-01-10,0.0,0.0
2010-01-11,0.0,0.0
2010-01-12,0.0,0.26
2010-01-13,0.0,0.0
2010-01-14,0.0,0.0
2010-01-15,0.0,0.0
2010-01-16,0.0,0.0
2010-01-17,0.0,0.0
2010-01-18,0.0,0.0
2010-01-19,0.0,0.0
2010-01-20,0.0,0.0
2010-01-21,0.0,0.0
2010-01-22,0.0,0.0
2010-01-23,0.0,0.0
2010-01-24,0.0,0.0
2010-01-25,0.0,0.0
2010-01-26,0.0,0.0
2010-01-27,0.0,0.0
2010-01-28,0.0,0.0
2010-01-29,0.0,0.0
2010-01-30,0.0,0.0
2010-01-31,0.0,0.0
2010-02-01,0.0,0.0
2010-02-02,0.0,0.0
2010-02-03,0.0,0.0
2010-02-04,0.0,0.0
2010-02-05,0.0,0.0
2010-02-06,0.0,0.0
2010-02-07,0.0,0.0
2010-02-08,0.0,0.0
2010-02-09,0.0,0.44
2010-02-10,0.0,0.0
2010-02-11,0.0,0.0
2010-02-12,0.0,0.0
2010-02-13,0.0,0.0
2010-02-14,0.0,0.0
2010-02-15,0.0,0.0
2010-02-16,0.0,0.0
2010-02-17,0.0,0.0
2010-02-18,0.0,0.0
2010-02-19,0.0,0.0
2010-02-20,0.0,0.0
2010-02-21,0.0,0.0
2010-02-22,0.0,0.0
2010-02-23,0.0,0.0
2010-02-24,0.0,0.0
2010-02-25,0.0,0.0
2010-02-26,0.0,0.0
2010-02-27,0.0,0.0
2010-02-28,0.0,0.0
2010-03-01,0.0,0.0
2010-03-02,0.0,0.0
2010-03-03,0.0,0.0
2010-03-04,0.0,0.0
2010-03-05,0.0,0.0
2010-03-06,0.0,0.0
2010-03-07,0.0,0.0
2010-03-08,0.0,0.0
2010-03-09,0.0,0.0
2010-03-10,0.0,0.0
2010-03-11,0.0,0.0
2010-03-12,0.0,0.0
2010-03-13,0.0,0.0
2010-03-14,0.0,0.0
2010-03-15,0.0,0.0
2010-03-16,0.0,0.0
2010-03-17,0.0,0.0
2010-03-18,0.0,0.0
2010-03-19,0.0,0.0
2010-03-20,0.0,0.0
2010-03-21,0.0,0.0
2010-03-22,0.0,0.0
2010-03-23,0.0,0.0
2010-03-24,0.0,0.0
2010-03-25,0.0,0.0
2010-03-26,0.0,0.0
2010-03-27,0.0,0.0
2010-03-28,0.0,0.0
2010-03-29,0.0,0.0
2010-03-30,0.0,0.0
2010-03-31,0.0,0.0
2010-04-01,0.0,0.0
2010-04-02,0.0,0.0
2010-04-03,0.0,0.0
2010-04-04,0.0,0.26
2010-04-05,0.0,0.0
2010-04-06,0.0,0.0
2010-04-07,0.0,0.0
2010-04-08,0.0,0.0
2010-04-09,0.0,0.0
2010-04-10,0.0,0.0
2010-04-11,0.0,0.0
2010-04-12,0.0,0.0
2010-04-13,0.0,0.0
2010-04-14,0.0,0.0
2010-04-15,0.0,0.0
2010-04-16,0.0,0.0
2010-04-17,0.0,0.0
2010-04-18,0.0,0.0
2010-04-19,0.0,0.0
2010-04-20,0.0,0.0
2010-04-21,0.0,0.0
2010-04-22,0.0,0.0
2010-04-23,0.0,0.0
2010-04-24,0.0,0.0
2010-04-25,0.0,0.0
2010-04-26,0.0,0.0
2010-04-27,0.0,0.0
2010-04-28,0.0,0.0
2010-04-29,0.0,0.0
2010-04-30,0.0,0.0
2010-05-01,0.0,0.0
2010-05-02,0.0,0.0
2010-05-03,0.0,0.0
2010-05-04,0.0,0.0
2010-05-05,0.0,0.0
2010-05-06,0.0,0.0
2010-05-07,0.0,0.0
2010-05-08,0.0,0.0
2010-05-09,0.0,0.0
2010-05-10,0.0,0.0
2010-05-11,0.0,0.0
2010-05-12,0.0,0.0
2010-05-13,0.0,0.0
2010-05-14,0.0,6.71
2010-05-15,0.0,2.64
2010-05-16,0.0,0.0
2010-05-17,0.0,0.0
2010-05-18,0.0,0.0
2010-05-19,0.0,0.0
2010-05-20,0.0,0.0
2010-05-21,0.0,0.0
2010-05-22,0.0,0.99
2010-05-23,0.0,0.0
2010-05-24,0.0,0.0
2010-05-25,0.0,0.0
2010-05-26,0.0,0.0
2010-05-27,0.0,0.0
2010-05-28,0.0,0.0
2010-05-29,0.0,0.0
2010-05-30,0.0,0.0
2010-05-31,0.0,0.0
2010-06-01,0.0,0.0
2010-06-02,0.0,0.0
2010-06-03,0.0,0.0
2010-06-04,0.0,0.0
2010-06-05,0.0,0.0
2010-06-06,0.0,0.0
2010-06-07,0.0,0.0
2010-06-08,0.0,0.0
2010-06-09,0.0,0.0
2010-06-10,0.0,0.0
2010-06-11,0.0,0.0
2010-06-12,0.0,0.0
2010-06-13,0.0,0.0
2010-06-14,0.0,0.0
2010-06-15,0.0,0.0
2010-06-16,0.0,0.0
2010-06-17,0.0,0.0
2010-06-18,0.0,0.0
2010-06-19,0.0,0.0
2010-06-20,0.0,0.0
2010-06-21,0.0,0.0
2010-06-22,0.0,0.0
2010-06-23,0.0,0.0
2010-06-24,0.0,0.0
2010-06-25,0.0,0.0
2010-06-26,0.0,0.0
2010-06-27,0.0,0.0
2010-06-28,0.0,0.0
2010-06-29,0.0,0.0
2010-06-30,0.0,1.37
2010-07-01,0.0,0.0
2010-07-02,0.0,0.0
2010-07-03,0.0,0.0
2010-07-04,0.0,0.0
2010-07-05,0.0,0.0
2010-07-06,0.0,0.0
2010-07-07,0.0,0.0
2010-07-08,0.0,0.0
2010-07-09,0.0,0.0
2010-07-10,0.0,0.0
2010-07-11,0.0,0.0
2010-07-12,0.0,0.0
2010-07-13,0.0,0.0
2010-07-14,0.0,0.01
2010-07-15,0.0,0.66
2010-07-16,0.0,0.27
2010-07-17,0.0,0.05
2010-07-18,0.0,0.83
2010-07-19,0.0,0.09
2010-07-20,0.0,0.0
2010-07-21,0.0,0.0
2010-07-22,0.0,0.0
2010-07-23,0.0,0.01
2010-07-24,0.0,0.0
2010-07-25,0.0,2.9
2010-07-26,0.0,1.51
2010-07-27,0.0,0.67
2010-07-28,0.0,1.05
2010-07-29,0.0,0.89
2010-07-30,0.0,0.29
2010-07-31,0.0,0.3
2010-08-01,0.0,0.31
2010-08-02,0.0,0.21
2010-08-03,0.0,0.0
2010-08-04,0.0,0.0
2010-08-05,0.0,0.0
2010-08-06,0.0,0.0
2010-08-07,0.0,2.31
2010-08-08,0.0,0.0
2010-08-09,0.0,4.32
2010-08-10,0.0,0.0
2010-08-11,0.0,0.0
2010-08-12,0.0,0.0
2010-08-13,0.0,0.0
2010-08-14,0.0,0.0
2010-08-15,0.0,0.0
2010-08-16,0.0,0.67
2010-08-17,0.0,0.0
2010-08-18,0.07,1.56
2010-08-19,0.07,0.0
2010-08-20,0.07,0.0
2010-08-21,0.07,0.0
2010-08-22,0.07,0.0
2010-08-23,0.07,0.0
2010-08-24,0.07,0.8
2010-08-25,0.07,0.0
2010-08-26,0.07,0.0
2010-08-27,0.07,0.0
2010-08-28,0.07,1.1e-06
2010-08-29,0.06,0.23
2010-08-30,0.07,0.36
2010-08-31,0.07,0.2000003
2010-09-01,0.06,0.0800002
2010-09-02,0.06,0.0
2010-09-03,0.06,0.0
2010-09-04,0.06,0.0
2010-09-05,0.06,0.01
2010-09-06,0.06,1e-07
2010-09-07,0.06,0.0
2010-09-08,0.06,2e-07
2010-09-09,0.06,0.1100001
2010-09-10,0.06,1e-07
2010-09-11,0.06,0.0
2010-09-12,0.06,0.15
2010-09-13,0.06,1e-07
2010-09-14,0.06,0.00960352
2010-09-15,0.09,0.0
2010-09-16,0.15,0.0
2010-09-17,0.06,0.0
2010-09-18,0.06,0.18
2010-09-19,0.06,0.0
2010-09-20,0.06,0.0
2010-09-21,0.06,1e-07
2010-09-22,0.06,0.0
2010-09-23,0.06,0.0
2010-09-24,0.06,0.0
2010-09-25,0.06,0.0
2010-09-26,0.06,0.0
2010-09-27,0.06,0.02
2010-09-28,0.06,1.44
2010-09-29,0.06,0.0
2010-09-30,0.06,0.0
2010-10-01,0.06,0.56
2010-10-02,0.06,0.00776813
2010-10-03,0.06,0.00776625
2010-10-04,0.06,9.9e-07
2010-10-05,0.06,0.0
2010-10-06,0.06,1.09e-06
2010-10-07,0.06,0.0
2010-10-08,0.07,0.0
2010-10-09,0.1,0.0
2010-10-10,0.12,0.0
2010-10-11,0.12,1.09e-06
2010-10-12,0.12,0.0
2010-10-13,0.1,0.35
2010-10-14,0.1,0.0
2010-10-15,0.11,0.0
2010-10-16,0.12,0.0
2010-10-17,0.11,0.0
2010-10-18,0.1,0.02
2010-10-19,0.1,0.0
2010-10-20,0.1,0.0
2010-10-21,0.1,0.00776615
2010-10-22,0.11,0.0
2010-10-23,0.11,0.05
2010-10-24,0.13,0.0
2010-10-25,0.18,0.0
2010-10-26,0.16,0.0
2010-10-27,0.19,0.0
2010-10-28,0.19,0.0
2010-10-29,0.19,0.0
2010-10-30,0.19,0.0
2010-10-31,0.19,0.0
2010-11-01,0.2,0.0
2010-11-02,0.2,0.0
2010-11-03,0.21,0.0
2010-11-04,0.27,0.0
2010-11-05,0.24,0.0
2010-11-06,0.25,0.0
2010-11-07,0.34,0.0
2010-11-08,0.47,0.83
2010-11-09,0.36,0.0
2010-11-10,0.32,0.0
2010-11-11,0.26,0.0
2010-11-12,0.24,0.0
2010-11-13,0.26,0.0
2010-11-14,0.3,0.0
2010-11-15,0.3,0.48
2010-11-16,0.28,0.0
2010-11-17,0.28,0.0
2010-11-18,0.28,0.0
2010-11-19,0.29,0.08
2010-11-20,0.28,1.0
2010-11-21,0.29,1.04
2010-11-22,0.29,0.56
2010-11-23,0.28,0.48
2010-11-24,0.29,0.19
2010-11-25,0.28,0.0
2010-11-26,0.28,0.37
2010-11-27,0.29,0.02
2010-11-28,0.28,0.0
2010-11-29,0.28,0.03
2010-11-30,0.28,0.01
2010-12-01,0.26,0.04
2010-12-02,0.23,0.06
2010-12-03,0.25,0.01
2010-12-04,0.26,0.01090727
2010-12-05,0.25,0.03
2010-12-06,0.23,0.04518713
2010-12-07,0.23,0.08214637
2010-12-08,0.23,0.04
2010-12-09,0.25,0.03727261
2010-12-10,0.23,0.07
2010-12-11,0.21,0.11724798
2010-12-12,0.23,0.14857412
2010-12-13,0.23,0.31147648
2010-12-14,0.23,0.04892339
2010-12-15,0.23,0.06743052
2010-12-16,0.25,0.10356946
2010-12-17,0.25,0.23443294
2010-12-18,0.25,0.06653564
2010-12-19,0.25,0.11564519
2010-12-20,0.26,0.06699317
2010-12-21,0.27,0.11
2010-12-22,0.27,0.17743052
2010-12-23,0.26,0.06
2010-12-24,0.25,0.07829328
2010-12-25,0.25,0.06743052
2010-12-26,0.25,0.09564519
2010-12-27,0.27,0.07664517
2010-12-28,0.27,0.10339267
2010-12-29,0.29,0.13574567
2010-12-30,0.3,0.09238552
2010-12-31,0.3,0.02335061
2011-01-01,0.3,0.08915258
2011-01-02,0.3,0.08767732
2011-01-03,0.3,0.72825402
2011-01-04,0.3,0.03129091
2011-01-05,0.3,0.09287614
2011-01-06,0.3,0.08308601
2011-01-07,0.3,0.05352512
2011-01-08,0.32,0.01765433
2011-01-09,0.32,0.14
2011-01-10,0.32,0.06884469
2011-01-11,0.33,0.04152517
2011-01-12,0.33,0.2906039
2011-01-13,0.36,0.02493887
2011-01-14,0.42,0.06493887
2011-01-15,0.44,0.10493887
2011-01-16,0.4,0.0862786
2011-01-17,0.4,0.1580748
2011-01-18,0.4,0.03768351
2011-01-19,0.38,0.05
2011-01-20,0.35,0.11736667
2011-01-21,0.38,0.05048576
2011-01-22,0.44,0.46923415
2011-01-23,0.43,0.35905919
2011-01-24,0.44,0.23
2011-01-25,0.44,0.12905919
2011-01-26,0.43,0.11
2011-01-27,0.42,0.59
2011-01-28,0.43,0.06
2011-01-29,0.45,0.44195608
2011-01-30,0.45,2.82108788
2011-01-31,0.48,0.76
2011-02-01,0.61,0.79108788
2011-02-02,0.92,0.05
2011-02-03,0.82,0.16818974
2011-02-04,0.78,0.12359852
2011-02-05,0.89,0.15826263
2011-02-06,0.92,0.12112588
2011-02-07,0.92,0.31547204
2011-02-08,0.9,0.17736992
2011-02-09,0.91,0.06551728
2011-02-10,0.97,0.87294408
2011-02-11,1.08,0.49910687
2011-02-12,1.03,0.74186934
2011-02-13,1.09,0.24
2011-02-14,1.08,2.74
2011-02-15,1.08,0.24346193
2011-02-16,1.08,0.59
2011-02-17,1.05,0.12346193
2011-02-18,1.05,0.53
2011-02-19,1.04,0.54
2011-02-20,1.0,0.2
2011-02-21,0.94,0.41
2011-02-22,0.88,0.24546822
2011-02-23,0.89,0.37785377
2011-02-24,0.95,0.16769472
2011-02-25,0.96,0.41097152
2011-02-26,1.0,0.56049575
2011-02-27,0.98,1.08
2011-02-28,0.96,0.51785377
2011-03-01,0.95,0.42215377
2011-03-02,0.97,0.3925
2011-03-03,0.95,7.0669
2011-03-04,0.94,0.7207
2011-03-05,0.93,2.40320002
2011-03-06,0.92,5.20149999999999
2011-03-07,0.91,5.97707487999999
2011-03-08,0.91,3.93000002
2011-03-09,0.9,3.24779297
2011-03-10,0.88,2.22833744
2011-03-11,0.89,6.58222914999999
2011-03-12,0.93,1.54693618
2011-03-13,0.92,1.75539295
2011-03-14,0.91,1.77642325
2011-03-15,0.9,1.83019999
2011-03-16,0.9,1.81
2011-03-17,0.89,1.38939294
2011-03-18,0.87,1.35139999
2011-03-19,0.84,1.21779295
2011-03-20,0.82,2.4870787
2011-03-21,0.79,8.66789295
2011-03-22,0.79,10.5302
2011-03-23,0.81,18.0735627
2011-03-24,0.86,8.27023194
2011-03-25,0.9,5.18269999999999
2011-03-26,0.89,4.5301
2011-03-27,0.9,6.3202327
2011-03-28,0.89,4.41
2011-03-29,0.84,3.42010001
2011-03-30,0.8,4.1309
2011-03-31,0.8,3.91999999999999
2011-04-01,0.8,3.4
2011-04-02,0.8,2.74040002
2011-04-03,0.8,4.2491133
2011-04-04,0.8,5.67785472
2011-04-05,0.77,5.27079999999999
2011-04-06,0.72,4.89030000999999
2011-04-07,0.75,2.9902
2011-04-08,0.78,4.1201
2011-04-09,0.79,4.21
2011-04-10,0.77,5.25368920999999
2011-04-11,0.76,4.36709963999999
2011-04-12,0.81,4.69552893999999
2011-04-13,0.92,4.06059999
2011-04-14,0.99,14.2031
2011-04-15,0.98,2.50004348
2011-04-16,1.09,3.66088576
2011-04-17,1.09,2.1625
2011-04-18,1.11,3.27520399
2011-04-19,1.2,5.65128212999999
2011-04-20,1.19,7.14490658999999
2011-04-21,1.2,3.3737338
2011-04-22,1.23,5.28999999999999
2011-04-23,1.38,5.2712
2011-04-24,1.65,6.65212225999999
2011-04-25,1.89,8.71326591999999
2011-04-26,1.71,5.11887738999999
2011-04-27,1.78,9.21167892999999
2011-04-28,2.12,6.63049999999999
2011-04-29,2.66,7.42157688999999
2011-04-30,3.05,10.33932272
2011-05-01,4.14,11.33184732
2011-05-02,3.95,4.81371355
2011-05-03,3.49,4.81618089
2011-05-04,3.51,6.36378724999999
2011-05-05,3.56,9.49085223999998
2011-05-06,3.52,7.58751660999999
2011-05-07,3.62,6.65502295999999
2011-05-08,3.75,7.42987116999999
2011-05-09,3.91,10.88841447
2011-05-10,4.24,8.16121562999999
2011-05-11,5.41,7.99288501999999
2011-05-12,6.04,7.23333411999999
2011-05-13,6.55,11.54072268
2011-05-14,8.56,14.5062688
2011-05-15,8.82,14.89642967
2011-05-16,8.54,14.6451212
2011-05-17,8.47,13.78504578
2011-05-18,8.27,19.6534412
2011-05-19,7.75,16.22203741
2011-05-20,7.28,17.44287894
2011-05-21,6.98,21.09099033
2011-05-22,6.61,18.82072222
2011-05-23,6.81,17.89042548
2011-05-24,7.39,21.10884931
2011-05-25,7.27,20.84249128
2011-05-26,7.95,21.20593701
2011-05-27,9.23,13.83792316
2011-05-28,8.88,13.95017832
2011-05-29,8.68,13.79916359
2011-05-30,8.62,18.69512439
2011-05-31,9.12,19.95330875
2011-06-01,9.47,24.09437364
2011-06-02,9.67,23.67861874
2011-06-03,11.46,26.26233617
2011-06-04,15.05,32.17970115
2011-06-05,17.79,23.68250492
2011-06-06,19.05,29.30295222
2011-06-07,19.19,29.07019952
2011-06-08,22.14,44.39330716
2011-06-09,31.81,43.33116344
2011-06-10,32.34,38.40760005
2011-06-11,33.8,35.3582706
2011-06-12,28.8,44.3103694
2011-06-13,24.87,36.54969249
2011-06-14,23.66,36.22552882
2011-06-15,20.75,40.07210388
2011-06-16,19.99,31.88585283
2011-06-17,19.82,30.92216766
2011-06-18,18.87,28.33145981
2011-06-19,17.6,25.89261141
2011-06-20,18.51,20.2764328
2011-06-21,16.91,17.89533531
2011-06-22,15.39,17.71723129
2011-06-23,15.28,14.54556958
2011-06-24,16.18,16.40096242
2011-06-25,16.95,23.41617735
2011-06-26,17.58,25.25259969
2011-06-27,17.63,26.52695141
2011-06-28,17.89,19.84870564
2011-06-29,17.47,19.98040622
2011-06-30,17.35,17.700014
2011-07-01,17.38,18.66566795
2011-07-02,16.88,14.73519868
2011-07-03,16.3,13.34786788
2011-07-04,15.74,16.00174485
2011-07-05,15.65,18.80583735
2011-07-06,15.36,17.00709649
2011-07-07,16.44,14.01481972
2011-07-08,16.1,13.22525411
2011-07-09,15.49,12.97080973
2011-07-10,15.16,12.51029136
2011-07-11,15.56,14.86748074
2011-07-12,15.07,12.78697604
2011-07-13,14.52,14.94299643
2011-07-14,14.14,13.39252803
2011-07-15,14.15,16.85521548
2011-07-16,14.25,10.59111666
2011-07-17,14.07,12.13235639
2011-07-18,13.9,12.93738114
2011-07-19,13.93,14.84897984
2011-07-20,14.54,10.57322296
2011-07-21,14.02,9.00174475
2011-07-22,13.94,13.54095816
2011-07-23,13.93,7.70811859
2011-07-24,13.93,10.20384419
2011-07-25,14.16,12.10683379
2011-07-26,14.66,7.83379576999999
2011-07-27,14.34,8.88988639
2011-07-28,14.1,7.53972477
2011-07-29,13.95,7.11432307
2011-07-30,13.8,5.71270055
2011-07-31,14.06,6.80016221
2011-08-01,14.58,7.69590762
2011-08-02,13.53,7.42971882
2011-08-03,13.37,8.19534382
2011-08-04,12.71,7.77788215
2011-08-05,11.5,6.37744951
2011-08-06,11.42,24.09643181
2011-08-07,10.71,6.53899155
2011-08-08,9.58,7.94504845
2011-08-09,9.66,11.68800022
2011-08-10,11.76,10.74649911
2011-08-11,10.65,7.11131223
2011-08-12,10.35,6.08149005
2011-08-13,9.93,6.89250462
2011-08-14,10.34,10.31653556
2011-08-15,11.4,9.74393646
2011-08-16,11.77,9.93047003
2011-08-17,11.36,6.74044315
2011-08-18,11.39,5.91856628
2011-08-19,11.7,7.7670445
2011-08-20,11.81,5.41691304
2011-08-21,11.75,5.68728636
2011-08-22,11.57,7.55144943
2011-08-23,11.5,6.96478529
2011-08-24,11.47,8.69528835
2011-08-25,11.3,5.9971543
2011-08-26,10.81,4.68880866
2011-08-27,10.01,5.02820664
2011-08-28,9.2,4.51282409
2011-08-29,9.48,5.35429164
2011-08-30,9.4,9.82284288
2011-08-31,9.11,5.91458926
2011-09-01,8.87,5.61094361
2011-09-02,8.46,6.83590736
2011-09-03,8.55,3.82927997
2011-09-04,8.69,9.87229329
2011-09-05,8.56,7.1708289
2011-09-06,8.27,6.52405064
2011-09-07,7.64,8.13899549
2011-09-08,7.53,4.66847138
2011-09-09,7.23,7.67312696
2011-09-10,6.76,5.36476482
2011-09-11,6.49,5.09702161
2011-09-12,7.32,5.37417472
2011-09-13,6.88,4.15771892
2011-09-14,6.19,3.78071682
2011-09-15,5.92,7.32051008
2011-09-16,5.58,4.96831626
2011-09-17,5.18,5.15724892
2011-09-18,5.02,5.37796247
2011-09-19,5.14,5.92737413
2011-09-20,5.89,6.56952256
2011-09-21,6.67,5.17605015
2011-09-22,6.18,3.78408626
2011-09-23,5.8,4.229413
2011-09-24,5.7,6.71538477
2011-09-25,5.62,3.36760959
2011-09-26,5.49,2.94068583
2011-09-27,5.38,4.67819858
2011-09-28,5.1,4.379026
2011-09-29,4.95,3.40420567
2011-09-30,4.94,3.60740812
2011-10-01,5.34,3.64170627
2011-10-02,5.27,3.17980555
2011-10-03,5.14,9.04096463
2011-10-04,5.06,3.67361125
2011-10-05,5.03,3.96348448
2011-10-06,5.0,8.08896045
2011-10-07,4.91,4.29311937
2011-10-08,4.79,3.31460839
2011-10-09,4.54,2.93826347
2011-10-10,4.36,3.34552432
2011-10-11,4.23,5.23729813
2011-10-12,4.16,4.62867518
2011-10-13,4.26,4.15961153
2011-10-14,4.37,3.40803011
2011-10-15,4.1,3.37524119
2011-10-16,4.01,3.20900548
2011-10-17,3.87,4.29614349
2011-10-18,3.55,2.90288072
2011-10-19,2.84,3.26182986
2011-10-20,2.59,6.01146197
2011-10-21,2.49,2.67678376
2011-10-22,2.86,2.81398947
2011-10-23,3.31,3.12097763
2011-10-24,3.32,3.48844221
2011-10-25,3.16,2.74079235
2011-10-26,3.0,3.08756534
2011-10-27,2.92,2.6844951
2011-10-28,3.1,3.04376757
2011-10-29,3.39,3.55980455
2011-10-30,3.78,3.19754829
2011-10-31,3.59,3.1218532
2011-11-01,3.38,4.90302985
2011-11-02,3.37,3.29867938
2011-11-03,3.41,2.90902778
2011-11-04,3.28,3.14947335
2011-11-05,3.22,3.62211848
2011-11-06,3.17,2.36602429
2011-11-07,3.04,3.48022274
2011-11-08,3.07,4.16780068
2011-11-09,3.19,3.28183143
2011-11-10,3.09,3.33778992
2011-11-11,3.0,2.03989012
2011-11-12,3.03,2.52214317
2011-11-13,3.11,2.84207788
2011-11-14,3.08,2.75307178
2011-11-15,2.95,2.88289742
2011-11-16,2.67,3.76975825
2011-11-17,2.6,2.84779587
2011-11-18,2.55,3.35692678
2011-11-19,2.37,3.1302203
2011-11-20,2.35,3.9353639
2011-11-21,2.45,2.77203285
2011-11-22,2.3,2.95829998
2011-11-23,2.36,3.51238566
2011-11-24,2.4,3.99912116
2011-11-25,2.48,4.2864208
2011-11-26,2.55,2.83428324
2011-11-27,2.52,2.55055237
2011-11-28,2.51,3.04346641
2011-11-29,2.64,4.45534219
2011-11-30,2.98,3.5801132
2011-12-01,3.0,4.48500523
2011-12-02,3.14,4.59537048
2011-12-03,3.14,4.65336537
2011-12-04,3.1,2.84299205
2011-12-05,2.98,3.00216604
2011-12-06,2.96,4.24956871
2011-12-07,3.06,3.86961131
2011-12-08,3.09,2.73893984
2011-12-09,3.09,3.0104452
2011-12-10,3.04,2.88798269
2011-12-11,3.12,220.2034227
2011-12-12,3.37,177.32322513
2011-12-13,3.33,4.05414175
2011-12-14,3.29,3.86264306
2011-12-15,3.26,7.82976711
2011-12-16,3.2,2.79759427
2011-12-17,3.23,3.52004317
2011-12-18,3.23,3.10125952
2011-12-19,3.36,4.15730356
2011-12-20,3.89,5.90673522
2011-12-21,4.41,4.26075206
2011-12-22,4.08,3.45347236
2011-12-23,3.98,2.65278626
2011-12-24,3.95,2.24582386
2011-12-25,4.06,2.92534449
2011-12-26,4.37,3.25628134
2011-12-27,4.25,2.99677875
2011-12-28,4.09,3.14922344
2011-12-29,4.22,4.15995739
2011-12-30,4.32,3.33845198
2011-12-31,4.47,3.94540785
2012-01-01,5.04,3.55428136
2012-01-02,5.27,5.55312158
2012-01-03,5.45,5.35215755
2012-01-04,5.37,14.19587733
2012-01-05,5.8,5.69832762
2012-01-06,6.6,6.48923847
2012-01-07,7.17,4.47999358
2012-01-08,7.06,3.72339797
2012-01-09,7.2,6.36959413
2012-01-10,7.13,4.89613037
2012-01-11,6.95,5.70224742
2012-01-12,7.1,41.21799271
2012-01-13,6.96,9.78890443
2012-01-14,6.83,12.78590354
2012-01-15,6.81,13.42837115
2012-01-16,7.04,39.00529892
2012-01-17,7.14,7.65315618
2012-01-18,6.97,10.84433779
2012-01-19,6.79,27.51359672
2012-01-20,6.37,24.76691769
2012-01-21,6.57,4.77026648
2012-01-22,6.51,3.03810531
2012-01-23,6.41,4.95998425
2012-01-24,6.47,9.74988917
2012-01-25,6.5,7.67575923
2012-01-26,6.39,8.95157979
2012-01-27,6.08,22.99546222
2012-01-28,5.7,9.0851158
2012-01-29,5.75,220.50932057
2012-01-30,5.72,29.11896874
2012-01-31,5.61,7.18514321
2012-02-01,5.65,4.75073058
2012-02-02,5.77,11.58782875
2012-02-03,6.19,6.90589652
2012-02-04,6.11,8.68539583
2012-02-05,5.99,4.26033091
2012-02-06,5.92,4.29055832
2012-02-07,5.77,6.64074854
2012-02-08,5.74,5.11443415
2012-02-09,5.84,7.4184694
2012-02-10,5.83,4.17461763
2012-02-11,5.94,3.91143183
2012-02-12,5.96,3.86719352
2012-02-13,5.82,5.25311801
2012-02-14,5.69,15.47396451
2012-02-15,5.43,6.10036407
2012-02-16,4.84,10.06136133
2012-02-17,4.74,3.61639153
2012-02-18,4.7,3.34530801
2012-02-19,4.46,2.65186887
2012-02-20,4.38,4.11776338
2012-02-21,4.5,3.42801758
2012-02-22,4.46,3.413929
2012-02-23,4.63,5.00951708
2012-02-24,4.99,4.41363023
2012-02-25,5.17,3.12296116
2012-02-26,5.05,3.4264833
2012-02-27,5.02,5.66176552
2012-02-28,5.08,3.84771572
2012-02-29,4.98,3.40234542
2012-03-01,4.92,6.71836722
2012-03-02,4.99,4.50574566
2012-03-03,4.94,2.4639481
2012-03-04,4.81,4.82666734
2012-03-05,4.93,5.18860926
2012-03-06,5.04,4.84595258
2012-03-07,5.05,4.0207262
2012-03-08,5.05,4.07410789
2012-03-09,4.99,4.13638026
2012-03-10,4.95,4.38179608
2012-03-11,4.95,2.90460712
2012-03-12,4.98,3.76477631
2012-03-13,5.07,11.31640397
2012-03-14,5.42,5.17901821
2012-03-15,5.45,3.61549948
2012-03-16,5.44,8.82293451
2012-03-17,5.4,3.56057831
2012-03-18,5.4,3.22801017
2012-03-19,5.36,4.22460866
2012-03-20,5.23,4.81981657
2012-03-21,4.95,3.37831566
2012-03-22,4.87,3.38385442
2012-03-23,4.87,4.22778506
2012-03-24,4.81,14.90705662
2012-03-25,4.73,6.90424078
2012-03-26,4.7,3.47762179
2012-03-27,4.74,4.26964421
2012-03-28,4.77,4.94067765
2012-03-29,4.85,4.465422
2012-03-30,4.85,4.39585095
2012-03-31,4.86,4.51687503
2012-04-01,4.94,3.8187765
2012-04-02,4.97,4.18861998
2012-04-03,5.06,5.07741879
2012-04-04,5.0,4.933347
2012-04-05,4.96,4.87816401
2012-04-06,4.95,4.81551397
2012-04-07,4.96,3.7089169
2012-04-08,4.94,3.89195527
2012-04-09,4.8,3.8471699
2012-04-10,4.82,6.99130937
2012-04-11,4.9,5.24550745
2012-04-12,4.91,6.27057008
2012-04-13,4.97,4.49039551
2012-04-14,4.97,5.70131221
2012-04-15,5.02,3.69750206
2012-04-16,4.98,5.97850946
2012-04-17,4.99,6.72206006
2012-04-18,5.06,6.21412925
2012-04-19,5.18,5.84943097
2012-04-20,5.19,7.2213516
2012-04-21,5.24,4.93120932
2012-04-22,5.44,4.86652314
2012-04-23,5.3,4.2807022
2012-04-24,5.21,6.5560811
2012-04-25,5.19,5.52832728
2012-04-26,5.16,12.40886862
2012-04-27,5.17,6.88570856
2012-04-28,5.13,6.86687116
2012-04-29,5.09,4.06208503
2012-04-30,5.01,5.13386643
2012-05-01,5.0,6.73048886
2012-05-02,5.04,6.93450193
2012-05-03,5.18,11.29578945
2012-05-04,5.18,10.45653352
2012-05-05,5.15,7.87065714
2012-05-06,5.14,7.36267072
2012-05-07,5.1,13.4937383
2012-05-08,5.1,12.37444677
2012-05-09,5.1,14.13032343
2012-05-10,5.1,8.83074595
2012-05-11,5.1,12.28912955
2012-05-12,5.02,10.93265347
2012-05-13,5.0,11.80632246
2012-05-14,5.01,27.81385804
2012-05-15,5.05,20.40042864
2012-05-16,5.09,13.00828295
2012-05-17,5.1,11.71657133
2012-05-18,5.13,17.13407882
2012-05-19,5.13,31.84803518
2012-05-20,5.14,20.00678014
2012-05-21,5.15,19.56744229
2012-05-22,5.14,12.76867573
2012-05-23,5.13,19.09824774
2012-05-24,5.18,19.4249616
2012-05-25,5.21,19.27748871
2012-05-26,5.15,15.59276857
2012-05-27,5.15,17.56635855
2012-05-28,5.15,19.49232691
2012-05-29,5.16,16.97474696
2012-05-30,5.16,18.86991539
2012-05-31,5.18,12.52807933
2012-06-01,5.21,16.41795479
2012-06-02,5.27,7.13557653
2012-06-03,5.28,19.27101479
2012-06-04,5.27,28.76057062
2012-06-05,5.33,30.14138721
2012-06-06,5.49,11.27363476
2012-06-07,5.48,21.4111051
2012-06-08,5.56,16.49528686
2012-06-09,5.67,22.71134789
2012-06-10,5.68,25.33678545
2012-06-11,5.6,18.25002065
2012-06-12,5.58,11.26003378
2012-06-13,5.76,37.9458244
2012-06-14,5.96,38.72082266
2012-06-15,6.0,33.56188777
2012-06-16,6.27,27.60666426
2012-06-17,6.58,26.51810146
2012-06-18,6.51,27.88555011
2012-06-19,6.48,25.2337128
2012-06-20,6.56,21.70024435
2012-06-21,6.69,31.45712954
2012-06-22,6.8,20.70231783
2012-06-23,6.76,17.73312569
2012-06-24,6.64,14.64248007
2012-06-25,6.56,16.12870794
2012-06-26,6.45,18.27898114
2012-06-27,6.48,18.18068009
2012-06-28,6.58,15.76821961
2012-06-29,6.67,11.83756472
2012-06-30,6.67,13.94161293
2012-07-01,6.69,9.65441992
2012-07-02,6.71,18.36948247
2012-07-03,6.75,12.35375229
2012-07-04,6.71,13.28572083
2012-07-05,6.6,12.65297392
2012-07-06,6.76,16.38467211
2012-07-07,6.74,42.86993213
2012-07-08,6.78,11.50252767
2012-07-09,6.88,15.89719336
2012-07-10,6.98,24.03191985
2012-07-11,7.24,19.173345
2012-07-12,7.27,13.53006867
2012-07-13,7.46,14.39979066
2012-07-14,7.85,15.32376089
2012-07-15,7.68,17.60255063
2012-07-16,7.8,21.28658376
2012-07-17,8.58,20.14390364
2012-07-18,9.47,26.41059394
2012-07-19,9.37,20.1933347
2012-07-20,9.27,37.47018662
2012-07-21,9.35,20.01722229
2012-07-22,9.53,18.10561197
2012-07-23,9.05,21.72164555
2012-07-24,9.14,15.98700134
2012-07-25,8.91,15.09932498
2012-07-26,8.8,18.18252407
2012-07-27,8.91,17.187251
2012-07-28,8.95,20.56362157
2012-07-29,8.92,18.46677249
2012-07-30,8.95,19.9791878
2012-07-31,9.22,21.09228958
2012-08-01,9.46,20.02226151
2012-08-02,9.6,19.81549506
2012-08-03,10.12,24.79174211
2012-08-04,11.16,16.36417093
2012-08-05,11.27,25.67591134
2012-08-06,11.21,25.00144464
2012-08-07,11.23,18.9311042
2012-08-08,11.07,52.57535312
2012-08-09,11.35,17.38277224
2012-08-10,11.9,44.53058517
2012-08-11,11.6,19.13775992
2012-08-12,11.64,17.2211655
2012-08-13,11.79,25.55351796
2012-08-14,11.94,20.67631015
2012-08-15,12.3,33.97670623
2012-08-16,12.95,28.34730819
2012-08-17,14.21,30.86566635
2012-08-18,15.37,18.19540149
2012-08-19,14.48,21.77038458
2012-08-20,11.64,27.5570644
2012-08-21,10.45,24.56426695
2012-08-22,10.29,22.84249268
2012-08-23,10.26,20.8327395
2012-08-24,10.25,19.24725465
2012-08-25,10.25,23.9103034
2012-08-26,10.62,20.58149421
2012-08-27,10.99,28.82030679
2012-08-28,11.97,25.10247771
2012-08-29,11.34,24.15507933
2012-08-30,11.14,29.09822139
2012-08-31,10.91,30.48583604
2012-09-01,10.74,35.33261176
2012-09-02,10.36,30.5544115
2012-09-03,10.26,33.7973669
2012-09-04,10.52,29.66526976
2012-09-05,10.59,26.2034
2012-09-06,10.72,25.55427416
2012-09-07,11.2,19.96330059
2012-09-08,11.27,22.2449676
2012-09-09,11.19,22.06494644
2012-09-10,11.14,24.05863046
2012-09-11,11.14,30.79178155
2012-09-12,11.24,20.50412504
2012-09-13,11.38,19.68463641
2012-09-14,11.48,20.22012586
2012-09-15,11.76,14.73366468
2012-09-16,11.84,14.7659364
2012-09-17,11.98,14.62559347
2012-09-18,11.99,22.40126053
2012-09-19,12.21,21.44386382
2012-09-20,12.63,17.98877273
2012-09-21,12.66,29.31585698
2012-09-22,12.54,15.23518456
2012-09-23,12.4,18.18004702
2012-09-24,12.28,28.22867346
2012-09-25,12.28,14.3770069
2012-09-26,12.24,19.55185895
2012-09-27,12.32,16.11576529
2012-09-28,12.46,59.39218166
2012-09-29,12.46,14.29688403
2012-09-30,12.49,11.45608154
2012-10-01,12.48,16.59077226
2012-10-02,12.58,30.46356752
2012-10-03,12.88,18.39219413
2012-10-04,12.95,131.01704826
2012-10-05,13.07,27.90198494
2012-10-06,12.97,22.33578348
2012-10-07,12.86,26.42825547
2012-10-08,12.58,27.24366665
2012-10-09,12.14,25.74262051
2012-10-10,12.3,23.44129821
2012-10-11,12.16,22.53949244
2012-10-12,12.18,20.45036309
2012-10-13,12.15,21.04540427
2012-10-14,12.1,17.11574123
2012-10-15,12.01,21.72613793
2012-10-16,12.02,25.01043862
2012-10-17,11.99,66.76674541
2012-10-18,11.98,17.03015131
2012-10-19,11.96,15.62399614
2012-10-20,11.94,18.11057193
2012-10-21,11.84,24.78949416
2012-10-22,11.8,25.22467775
2012-10-23,11.86,21.00222991
2012-10-24,11.96,21.30409168
2012-10-25,11.79,16.66946671
2012-10-26,11.56,18.24824533
2012-10-27,11.04,12.54476824
2012-10-28,10.78,12.70849238
2012-10-29,10.69,17.37438911
2012-10-30,10.93,23.92793361
2012-10-31,10.92,22.71724606
2012-11-01,11.17,20.21981119
2012-11-02,11.26,27.07209311
2012-11-03,11.06,18.75218624
2012-11-04,10.62,19.50947363
2012-11-05,10.73,25.76403178
2012-11-06,10.9,25.68602625
2012-11-07,10.97,29.24684125
2012-11-08,11.19,25.23791353
2012-11-09,11.09,19.40181595
2012-11-10,11.04,21.55154518
2012-11-11,10.95,17.43773092
2012-11-12,11.0,17.84911422
2012-11-13,11.17,20.53599413
2012-11-14,11.11,23.01382516
2012-11-15,11.07,31.6415395
2012-11-16,11.28,31.93127546
2012-11-17,11.8,25.60602784
2012-11-18,11.81,27.191148
2012-11-19,11.82,27.81362641
2012-11-20,11.81,28.25686303
2012-11-21,11.83,30.78838241
2012-11-22,11.9,21.88707548
2012-11-23,12.32,26.59890194
2012-11-24,12.43,21.75792328
2012-11-25,12.46,29.5141209
2012-11-26,12.61,26.50350354
2012-11-27,12.62,82.01676744
2012-11-28,12.5,43.59397007
2012-11-29,12.45,29.66282715
2012-11-30,12.61,22.53063094
2012-12-01,12.66,26.44757959
2012-12-02,12.69,15.21461215
2012-12-03,12.68,18.28932863
2012-12-04,12.75,28.15664675
2012-12-05,13.09,27.22445881
2012-12-06,13.55,31.15000691
2012-12-07,13.69,24.33169284
2012-12-08,13.65,25.78749742
2012-12-09,13.55,24.32194589
2012-12-10,13.53,30.78923008
2012-12-11,13.57,31.49639467
2012-12-12,13.64,28.63395313
2012-12-13,13.8,45.13393912
2012-12-14,13.82,32.11040905
2012-12-15,13.87,24.34047049
2012-12-16,13.75,27.82215671
2012-12-17,13.63,33.21752088
2012-12-18,13.47,40.01882898
2012-12-19,13.4,34.9971247
2012-12-20,13.48,31.17986509
2012-12-21,13.7,36.94798575
2012-12-22,13.63,40.90362442
2012-12-23,13.56,31.44947995
2012-12-24,13.48,28.03994895
2012-12-25,13.45,23.31306943
2012-12-26,13.44,29.2422383
2012-12-27,13.42,36.93617681
2012-12-28,13.51,37.39376701
2012-12-29,13.65,29.87991228
2012-12-30,13.65,35.04144571
2012-12-31,13.57,24.42158122
2013-01-01,13.58,25.40901812
2013-01-02,13.52,32.06808934
2013-01-03,13.42,37.66582749
2013-01-04,13.47,38.50311321
2013-01-05,13.5,31.35059436
2013-01-06,13.54,34.86616689
2013-01-07,13.53,35.94175474
2013-01-08,13.61,32.40727682
2013-01-09,13.84,32.78602402
2013-01-10,13.99,153.39607914
2013-01-11,14.32,42.53398676
2013-01-12,14.31,36.66480767
2013-01-13,14.34,39.17373209
2013-01-14,14.31,34.87908233
2013-01-15,14.34,33.57125696
2013-01-16,14.53,41.22235845
2013-01-17,14.86,37.87288715
2013-01-18,15.53,37.60673767
2013-01-19,15.95,63.54285081
2013-01-20,15.85,32.98917964
2013-01-21,16.15,29.60339549
2013-01-22,17.13,33.17847267
2013-01-23,17.59,44.40792999
2013-01-24,17.97,44.02332598
2013-01-25,19.1,41.4174823
2013-01-26,18.54,47.91067554
2013-01-27,17.71,47.72262398
2013-01-28,18.11,43.14662379
2013-01-29,18.77,49.61699217
2013-01-30,19.78,34.89334331
2013-01-31,20.11,47.79915089
2013-02-01,21.4,52.28602156
2013-02-02,21.25,73.88730888
2013-02-03,21.0,52.05480007
2013-02-04,20.77,45.22052171
2013-02-05,20.99,42.3586766
2013-02-06,20.92,32.24443065
2013-02-07,21.53,48.56204643
2013-02-08,22.15,49.26209751
2013-02-09,23.4,45.1432612
2013-02-10,23.83,45.20832246
2013-02-11,23.97,48.78675412
2013-02-12,24.65,48.48104373
2013-02-13,25.15,56.12658455
2013-02-14,24.3,43.45320621
2013-02-15,27.2,57.30713264
2013-02-16,27.27,50.77739001
2013-02-17,27.39,46.81710946
2013-02-18,26.91,45.0894967
2013-02-19,26.98,46.41317356
2013-02-20,29.48,49.92328523
2013-02-21,29.79,51.49190623
2013-02-22,29.75,53.25121434
2013-02-23,30.52,48.17999206
2013-02-24,29.8,45.02548748
2013-02-25,29.87,66.62844799
2013-02-26,30.4,56.92242259
2013-02-27,31.2,54.54248604
2013-02-28,31.27,60.71283274
2013-03-01,33.36,68.01127271
2013-03-02,34.5,51.16473992
2013-03-03,34.25,44.96913537
2013-03-04,34.25,55.24125673
2013-03-05,36.4,51.38976576
2013-03-06,40.65,157.26796982
2013-03-07,42.0,61.66624582
2013-03-08,43.15,47.62159398
2013-03-09,44.0,52.11584112
2013-03-10,46.93,61.30182365
2013-03-11,45.6,49.91899256
2013-03-12,48.2,66.65059923
2013-03-13,44.32,52.6969283
2013-03-14,47.07,52.5934017
2013-03-15,46.86,65.01635308
2013-03-16,46.9,31.43838406
2013-03-17,47.25,31.69724524
2013-03-18,47.38,37.83272726
2013-03-19,52.12,51.6543205
2013-03-20,59.53,37.09057415
2013-03-21,65.93,50.61033936
2013-03-22,70.25,67.77289737
2013-03-23,70.25,52.59750326
2013-03-24,64.01,40.62806852
2013-03-25,71.93,44.37006807
2013-03-26,74.1,45.33356205
2013-03-27,78.79,60.03141889
2013-03-28,88.8,61.16315652
2013-03-29,87.5,60.72037681
2013-03-30,90.05,64.078643
2013-03-31,92.5,45.8545976
2013-04-01,93.25,43.14277923
2013-04-02,104.0,61.20119573
2013-04-03,117.34,70.77451024
2013-04-04,131.0,76.29306698
2013-04-05,133.0,57.2386576
2013-04-06,142.1,38.85304125
2013-04-07,143.61,53.95925354
2013-04-08,163.3,46.27039614
2013-04-09,186.96,49.27107352
2013-04-10,231.05,64.66733147
2013-04-11,159.88,63.3686378
2013-04-12,124.9,56.41949219
2013-04-13,122.6,40.27230947
2013-04-14,100.0,53.37811427
2013-04-15,100.0,74.2717856
2013-04-16,68.1,52.03197367
2013-04-17,68.0,81.48473727
2013-04-18,93.9,42.53670086
2013-04-19,111.0,55.34670877
2013-04-20,118.92,46.22212486
2013-04-21,127.5,32.91401779
2013-04-22,119.0,46.46535059
2013-04-23,127.0,61.23818202
2013-04-24,142.5,62.49187407
2013-04-25,155.07,60.5701872
2013-04-26,141.99,40.59900011
2013-04-27,137.0,39.01893051
2013-04-28,128.5,32.79194181
2013-04-29,134.44,45.72411389
2013-04-30,144.54,45.74865143
2013-05-01,139.0,40.88593753
2013-05-02,117.0,52.5540039
2013-05-03,103.3,45.19099468
2013-05-04,96.8,45.93572788
2013-05-05,113.1,36.56506628
2013-05-06,115.98,52.94511009
2013-05-07,112.3,46.71463015
2013-05-08,111.7,52.00264132
2013-05-09,113.35,65.88905401
2013-05-10,112.69,64.27633127
2013-05-11,117.2,61.69773114
2013-05-12,115.68,56.57452505
2013-05-13,115.1,58.50963163
2013-05-14,117.99,57.38806322
2013-05-15,112.0,60.48453576
2013-05-16,114.22,77.36863781
2013-05-17,117.41,55.40377799
2013-05-18,123.32,39.56532087
2013-05-19,123.3,47.14334424
2013-05-20,121.99,43.45547937
2013-05-21,122.02,46.50942757
2013-05-22,122.7,49.88873569
2013-05-23,123.0,56.46156491
2013-05-24,126.7,48.33183927
2013-05-25,133.49,47.27625949
2013-05-26,131.99,31.5289397
2013-05-27,133.5,48.88847213
2013-05-28,129.76,54.78926938
2013-05-29,129.0,52.15347597
2013-05-30,132.3,47.48125079
2013-05-31,128.88,45.06128758
2013-06-01,129.02,41.25064975
2013-06-02,129.3,48.82755776
2013-06-03,122.42,58.88445252
2013-06-04,122.03,54.21273887
2013-06-05,121.42,60.12802918
2013-06-06,121.9,41.26218009
2013-06-07,118.97,39.16184703
2013-06-08,111.5,46.07546975
2013-06-09,107.99,36.04930663
2013-06-10,100.2,34.47766724
2013-06-11,106.1,47.66766862
2013-06-12,109.0,42.54762436
2013-06-13,108.1,40.8787914
2013-06-14,103.9,36.32062691
2013-06-15,99.98,33.01626946
2013-06-16,99.69,31.28648429
2013-06-17,99.9,36.85317147
2013-06-18,101.95,37.77149405
2013-06-19,107.39,37.4085742
2013-06-20,107.68,69.89069826
2013-06-21,111.12,42.99107458
2013-06-22,109.87,55.58427754
2013-06-23,108.35,32.89707161
2013-06-24,107.98,39.19235757
2013-06-25,102.98,33.79573922
2013-06-26,103.89,40.29547374
2013-06-27,104.0,30.74477184
2013-06-28,101.77,48.09132266
2013-06-29,94.65,24.38738042
2013-06-30,94.99,29.0968413
2013-07-01,97.25,24.12834059
2013-07-02,87.0,35.58288433
2013-07-03,91.05,28.17488168
2013-07-04,78.11,23.33133526
2013-07-05,80.04,32.46852246
2013-07-06,68.86,29.81300277
2013-07-07,70.27,18.42094257
2013-07-08,75.0,32.80380724
2013-07-09,76.49,34.75026174
2013-07-10,76.7,26.39959721
2013-07-11,87.9,35.32010629
2013-07-12,88.9,30.77909548
2013-07-13,93.99,33.60786141
2013-07-14,98.0,22.93218923
2013-07-15,94.69,22.33268606
2013-07-16,98.4,35.8771154
2013-07-17,97.05,33.68340783
2013-07-18,98.8,37.38979778
2013-07-19,90.1,21.11963162
2013-07-20,92.0,22.97726435
2013-07-21,89.39,24.55597227
2013-07-22,90.76,32.7694805
2013-07-23,91.99,21.44867879
2013-07-24,95.56,35.6200614
2013-07-25,94.51,33.78420434
2013-07-26,97.0,19.86347572
2013-07-27,96.02,32.60189106
2013-07-28,94.12,23.82217431
2013-07-29,98.7,30.41102588
2013-07-30,101.48,37.66696925
2013-07-31,107.8,49.24699101
2013-08-01,106.2,38.34057257
2013-08-02,104.62,29.1302076
2013-08-03,104.5,26.43529564
2013-08-04,104.95,31.50890033
2013-08-05,105.54,27.84873298
2013-08-06,106.72,41.6806571
2013-08-07,106.56,31.55560425
2013-08-08,105.99,49.11009386
2013-08-09,103.01,43.8878449
2013-08-10,102.8,29.64591768
2013-08-11,103.0,32.84307247
2013-08-12,105.0,25.37058276
2013-08-13,106.64,29.74852431
2013-08-14,109.35,44.20760856
2013-08-15,99.19,63.29990312
2013-08-16,98.08,46.94701273
2013-08-17,98.25,28.92158036
2013-08-18,99.71,45.94836173
2013-08-19,99.3,48.6487076
2013-08-20,102.85,34.17570561
2013-08-21,104.88,32.14886264
2013-08-22,110.43,38.7715512
2013-08-23,109.71,33.86687545
2013-08-24,107.65,27.73017547
2013-08-25,109.04,30.27034915
2013-08-26,113.28,40.80643368
2013-08-27,111.79,39.84639775
2013-08-28,117.72,260.83498262
2013-08-29,117.92,27.03969735
2013-08-30,118.5,43.91193998
2013-08-31,124.84,31.22585731
2013-09-01,128.52,24.95132746
2013-09-02,130.67,47.40491922
2013-09-03,130.09,31.23219885
2013-09-04,129.13,27.0615907
2013-09-05,122.27,32.62242832
2013-09-06,122.63,33.49086393
2013-09-07,117.61,24.49911746
2013-09-08,119.92,26.14222954
2013-09-09,118.18,30.53100606
2013-09-10,120.52,25.5237116
2013-09-11,122.02,22.55500301
2013-09-12,126.54,30.34461292
2013-09-13,127.07,20.96323621
2013-09-14,127.14,20.23750549
2013-09-15,124.05,27.64617927
2013-09-16,125.35,41.20048691
2013-09-17,126.2,302.75425378
2013-09-18,139.15,107.50935731
2013-09-19,127.12,91.7458743599999
2013-09-20,124.18,27.00884796
2013-09-21,123.04,26.75531601
2013-09-22,123.42,26.29032181
2013-09-23,122.93,39.47388851
2013-09-24,122.65,30.66022492
2013-09-25,123.75,31.06396518
2013-09-26,123.4,27.23002047
2013-09-27,124.65,82.61986498
2013-09-28,126.7,26.08609449
2013-09-29,126.54,25.84549691
2013-09-30,127.01,25.75183782
2013-10-01,126.25,39.13974553
2013-10-02,127.54,39.92303312
2013-10-03,103.85,36.60294587
2013-10-04,117.57,24.77279491
2013-10-05,121.94,26.06242489
2013-10-06,121.2,21.15735044
2013-10-07,122.49,32.57715142
2013-10-08,123.8,17.2769699
2013-10-09,124.12,30.23001017
2013-10-10,125.9,31.05788363
2013-10-11,126.8,22.76995908
2013-10-12,127.41,32.14776583
2013-10-13,127.59,30.80432869
2013-10-14,132.62,33.03670276
2013-10-15,135.17,38.64309771
2013-10-16,141.02,47.19904597
2013-10-17,138.19,36.51952508
2013-10-18,143.94,38.35801158
2013-10-19,168.2,36.26226694
2013-10-20,183.18,28.48710739
2013-10-21,186.12,37.66450678
2013-10-22,179.8,41.68008116
2013-10-23,189.75,45.77781754
2013-10-24,203.7,50.7649601
2013-10-25,195.33,51.0751821
2013-10-26,186.85,35.34328044
2013-10-27,179.56,57.75029853
2013-10-28,194.06,31.18348979
2013-10-29,206.9,34.455093
2013-10-30,216.0,29.72252695
2013-10-31,206.01,29.97871915
2013-11-01,203.54,35.00360841
2013-11-02,203.0,23.53096079
2013-11-03,204.86,40.87943337
2013-11-04,209.8,51.82985587
2013-11-05,229.95,47.27916843
2013-11-06,252.59,145.62558243
2013-11-07,265.1,128.50248332
2013-11-08,291.02,106.82017227
2013-11-09,334.0,56.05344924
2013-11-10,330.0,45.83360662
2013-11-11,328.0,62.22351764
2013-11-12,343.61,22.51123231
2013-11-13,354.9,23.04229153
2013-11-14,393.0,23.13862517
2013-11-15,415.0,17.31629565
2013-11-16,412.03,14.2659898
2013-11-17,437.24,17.08725612
2013-11-18,475.0,27.23178132
2013-11-19,660.2,31.59785609
2013-11-20,547.0,25.27945207
2013-11-21,597.98,26.55807643
2013-11-22,716.77,23.29739671
2013-11-23,795.0,21.01611529
2013-11-24,829.99,17.53595197
2013-11-25,807.5,19.60120774
2013-11-26,814.56,25.2369173
2013-11-27,917.79,30.41271141
2013-11-28,965.0,30.73997164
2013-11-29,1014.1,26.09068458
2013-11-30,1133.95,19.68500494
2013-12-01,1119.2,19.37686102
2013-12-02,955.01,21.13751064
2013-12-03,1043.98,20.40592636
2013-12-04,1050.21,20.83224443
2013-12-05,1136.9,22.54506788
2013-12-06,1035.0,19.20163235
2013-12-07,800.0,37.49123851
2013-12-08,705.91,11.38643048
2013-12-09,786.6,17.04236096
2013-12-10,894.0,17.50092456
2013-12-11,978.76,17.44596076
2013-12-12,876.88,14.34126064
2013-12-13,874.72,15.1294396
2013-12-14,885.0,12.40576423
2013-12-15,850.81,11.51956075
2013-12-16,862.98,15.70545173
2013-12-17,690.0,15.20684554
2013-12-18,673.62,18.64447134
2013-12-19,522.0,16.48965383
2013-12-20,685.3,16.24432139
2013-12-21,613.87,12.43490207
2013-12-22,599.91,11.46529505
2013-12-23,614.11,12.11174057
2013-12-24,659.99,12.06624608
2013-12-25,653.0,12.31784641
2013-12-26,679.02,13.36262326
2013-12-27,747.0,12.27928333
2013-12-28,723.98,11.65867105
2013-12-29,715.0,14.55153464
2013-12-30,728.19,11.74180891
2013-12-31,736.5,10.98600975
2014-01-01,732.0,9.36534252
2014-01-02,749.27,13.8118866
2014-01-03,781.23,13.81938881
2014-01-04,807.39,12.28749852
2014-01-05,828.74,13.93812559
2014-01-06,904.98,29.50823266
2014-01-07,915.69,15.53038267
2014-01-08,790.0,14.12498292
2014-01-09,823.3,12.80728921
2014-01-10,826.28,12.53797561
2014-01-11,853.99,12.25450903
2014-01-12,895.0,11.79779395
2014-01-13,844.04,11.99050639
2014-01-14,823.0,16.08978681
2014-01-15,816.0,16.85023545
2014-01-16,841.83,13.24725593
2014-01-17,817.15,14.67029517
2014-01-18,792.0,12.72316648
2014-01-19,811.2,11.42147877
2014-01-20,841.1,15.27797507
2014-01-21,827.81,15.5990746
2014-01-22,824.78,14.78206656
2014-01-23,819.62,16.79639116
2014-01-24,811.22,15.28913391
2014-01-25,780.02,11.85303748
2014-01-26,805.0,11.74920813
2014-01-27,814.21,13.45771067
2014-01-28,747.57,14.15795644
2014-01-29,785.6,13.31325321
2014-01-30,794.0,13.29500605
2014-01-31,800.0,14.37916749
2014-02-01,803.0,11.42304608
2014-02-02,817.08,10.80299217
2014-02-03,814.34,12.14407582
2014-02-04,808.5,14.22240734
2014-02-05,802.99,13.81992653
2014-02-06,781.0,15.01442794
2014-02-07,763.97,15.30919578
2014-02-08,710.01,12.26699028
2014-02-09,680.8,10.63153353
2014-02-10,687.37,13.13957152
2014-02-11,688.68,13.09678624
2014-02-12,675.1,16.0368654
2014-02-13,652.91,14.05001731
2014-02-14,610.0,17.09758792
2014-02-15,670.29,12.55607333
2014-02-16,655.71,11.32317875
2014-02-17,623.88,23.5617028
2014-02-18,629.96,13.3494205
2014-02-19,629.59,14.4588035
2014-02-20,624.85,14.81614558
2014-02-21,563.0,13.88804876
2014-02-22,579.5,12.3024765
2014-02-23,612.48,12.06010803
2014-02-24,611.05,15.21980169
2014-02-25,542.68,17.70847152
2014-02-26,559.52,14.63310193
2014-02-27,585.21,14.6442873
2014-02-28,583.05,16.40787615
2014-03-01,553.0,12.59578282
2014-03-02,567.48,10.82910593
2014-03-03,561.0,17.2352689
2014-03-04,681.96,17.38424603
2014-03-05,673.28,14.32140013
2014-03-06,670.7,14.65574101
2014-03-07,669.0,13.86113137
2014-03-08,631.99,11.62425694
2014-03-09,622.38,12.28010559
2014-03-10,639.9,16.26715826
2014-03-11,629.33,15.29331241
2014-03-12,632.1,16.51719963
2014-03-13,634.95,14.65089124
2014-03-14,641.01,13.65532312
2014-03-15,630.42,10.91359883
2014-03-16,637.24,12.38310041
2014-03-17,634.99,13.0816633
2014-03-18,624.71,9.74137669999999
2014-03-19,615.49,13.48145116
2014-03-20,611.2,13.7341206
2014-03-21,585.6,14.67722865
2014-03-22,572.89,17.57915737
2014-03-23,563.01,11.13423626
2014-03-24,559.54,12.99764579
2014-03-25,585.58,14.55404643
2014-03-26,585.79,15.14818021
2014-03-27,578.5,13.76146264
2014-03-28,474.2,12.32486726
2014-03-29,499.6,9.78902191
2014-03-30,490.0,10.82392373
2014-03-31,458.66,12.70160393
2014-04-01,457.49,12.31562078
2014-04-02,479.0,13.23389169
2014-04-03,439.12,13.46028103
2014-04-04,448.72,13.52233973
2014-04-05,452.0,11.16666447
2014-04-06,463.0,10.34855898
2014-04-07,458.0,14.19487722
2014-04-08,449.99,14.76358943
2014-04-09,453.0,20.25920875
2014-04-10,441.93,14.37984843
2014-04-11,369.0,13.94326692
2014-04-12,423.4,9.07114824
2014-04-13,423.37,10.29986168
2014-04-14,417.58,15.3380664
2014-04-15,459.64,16.49954518
2014-04-16,523.0,14.2744465
2014-04-17,526.29,14.99553797
2014-04-18,498.2,12.16011272
2014-04-19,482.11,12.61314875
2014-04-20,503.8,10.86690665
2014-04-21,501.54,12.47640246
2014-04-22,498.38,15.29422985
2014-04-23,488.52,14.56230652
2014-04-24,491.99,14.94749758
2014-04-25,502.15,13.64442103
2014-04-26,463.13,9.13901624
2014-04-27,461.48,11.74870756
2014-04-28,438.8,12.79024099
2014-04-29,442.44,12.61418574
2014-04-30,448.0,12.95582061
2014-05-01,452.03,10.84631035
2014-05-02,460.97,11.87743613
2014-05-03,454.9,10.28949159
2014-05-04,440.0,9.88528194
2014-05-05,436.75,13.53297617
2014-05-06,433.0,15.00387446
2014-05-07,428.01,13.54172333
2014-05-08,440.88,13.58433577
2014-05-09,437.61,15.57402453
2014-05-10,449.0,10.09687328
2014-05-11,457.0,9.70016918
2014-05-12,437.81,13.93177704
2014-05-13,442.45,12.37220357
2014-05-14,439.12,12.08030118
2014-05-15,444.65,12.8013398
2014-05-16,446.53,11.63597683
2014-05-17,449.12,9.31030062
2014-05-18,448.66,8.71450665
2014-05-19,446.89,11.40509824
2014-05-20,448.02,13.38509866
2014-05-21,488.12,12.79533682
2014-05-22,493.97,12.75997199
2014-05-23,528.32,12.72896008
2014-05-24,521.1,11.23540029
2014-05-25,527.91,10.14448351
2014-05-26,569.93,12.57750285
2014-05-27,584.88,12.14135874
2014-05-28,572.7,13.95978274
2014-05-29,581.0,11.95135479
2014-05-30,569.01,11.59815107
2014-05-31,621.3,9.64770833
2014-06-01,626.5,10.75014255
2014-06-02,630.71,11.70443213
2014-06-03,662.0,13.43594734
2014-06-04,670.14,12.01095921
2014-06-05,642.86,12.34989787
2014-06-06,661.48,10.80069596
2014-06-07,649.0,8.78221121
2014-06-08,657.12,8.84632234
2014-06-09,657.11,11.09517441
2014-06-10,648.81,11.64592603
2014-06-11,648.55,11.27334026
2014-06-12,624.97,12.93722403
2014-06-13,574.85,11.5480141
2014-06-14,591.55,9.08986917
2014-06-15,572.28,9.53850979
2014-06-16,592.89,11.98941586
2014-06-17,586.0,12.0249054
2014-06-18,608.0,12.91108153
2014-06-19,608.0,11.72007406
2014-06-20,595.15,10.71588434
2014-06-21,593.48,9.18948220000001
2014-06-22,590.96,9.0220478
2014-06-23,598.76,11.29559499
2014-06-24,588.25,11.06251476
2014-06-25,574.98,12.3602878
2014-06-26,560.76,10.13416507
2014-06-27,577.34,10.70192844
2014-06-28,599.0,9.26408687
2014-06-29,590.0,8.86486746
2014-06-30,599.99,11.74118135
2014-07-01,638.99,13.1158412
2014-07-02,639.25,12.74840425
2014-07-03,650.49,10.9758023
2014-07-04,645.35,10.11443135
2014-07-05,626.16,8.29427605
2014-07-06,631.0,9.22847962
2014-07-07,633.74,11.21868823
2014-07-08,624.35,12.27727536
2014-07-09,624.97,11.68912918
2014-07-10,621.95,11.18585911
2014-07-11,616.8,10.87078401
2014-07-12,634.0,8.71204703
2014-07-13,636.18,9.42346258
2014-07-14,630.43,11.75980369
2014-07-15,621.21,12.51728456
2014-07-16,624.07,12.61360631
2014-07-17,617.41,11.76351954
2014-07-18,625.8,11.9486888
2014-07-19,631.85,10.35413294
2014-07-20,630.0,8.98402817
2014-07-21,627.0,10.59027192
2014-07-22,622.23,11.71344544
2014-07-23,620.0,11.00879636
2014-07-24,620.43,10.69751731
2014-07-25,603.96,10.29317626
2014-07-26,602.9,8.73951865
2014-07-27,595.9,8.9093621
2014-07-28,593.68,10.35052053
2014-07-29,589.94,10.39546815
2014-07-30,585.5,11.03235411
2014-07-31,563.35,11.25832902
2014-08-01,582.04,10.67915418
2014-08-02,595.76,8.46604847
2014-08-03,589.59,8.55001533
2014-08-04,583.81,11.0974416
2014-08-05,588.5,12.10342599
2014-08-06,581.96,13.16238132
2014-08-07,582.73,10.97700977
2014-08-08,585.02,11.16262924
2014-08-09,588.98,9.31238413
2014-08-10,589.6,9.8312772
2014-08-11,590.74,12.25468145
2014-08-12,574.01,12.52436069
2014-08-13,569.01,12.41970851
2014-08-14,549.98,12.19660765
2014-08-15,504.51,12.03876959
2014-08-16,500.39,13.05170457
2014-08-17,523.88,37.32208652
2014-08-18,498.17,11.75673016
2014-08-19,474.95,12.80157171
2014-08-20,490.0,11.96609234
2014-08-21,518.82,11.43122201
2014-08-22,521.12,10.75447813
2014-08-23,515.69,8.62310977999999
2014-08-24,495.27,9.04448264000001
2014-08-25,508.03,16.45338417
2014-08-26,501.55,11.56150685
2014-08-27,513.92,11.5415257
2014-08-28,511.77,10.39725982
2014-08-29,506.61,10.42778542
2014-08-30,509.3,9.13520702
2014-08-31,501.0,8.8939901
2014-09-01,478.87,10.91278347
2014-09-02,476.36,11.59704012
2014-09-03,473.53,11.1270644
2014-09-04,474.5,11.19739332
2014-09-05,488.87,11.04072468
2014-09-06,485.91,9.61430997999999
2014-09-07,479.59,19.79030044
2014-09-08,476.53,12.20418844
2014-09-09,467.85,14.11448904
2014-09-10,473.35,12.74883973
2014-09-11,477.74,10.15059039
2014-09-12,477.73,10.70477886
2014-09-13,474.62,9.54517518
2014-09-14,476.92,11.23423996
2014-09-15,474.35,12.22944483
2014-09-16,470.83,14.35162373
2014-09-17,463.4,12.26986597
2014-09-18,453.9,12.34660263
2014-09-19,425.56,10.61078897
2014-09-20,395.67,10.26633681
2014-09-21,411.71,9.33716279999999
2014-09-22,401.15,11.71465132
2014-09-23,399.95,12.74391608
2014-09-24,440.03,12.35686671
2014-09-25,423.68,13.21049144
2014-09-26,410.19,47.85118349
2014-09-27,404.71,10.4471904
2014-09-28,400.39,10.79213151
2014-09-29,375.24,12.19074481
2014-09-30,373.87,12.1265494
2014-10-01,390.18,12.91355722
2014-10-02,384.04,11.24530798
2014-10-03,375.78,12.07920856
2014-10-04,358.9,12.57120078
2014-10-05,328.39,11.89447047
2014-10-06,323.94,12.61174465
2014-10-07,327.61,13.36032911
2014-10-08,334.06,12.53986648
2014-10-09,357.0,13.90439876
2014-10-10,363.61,13.00507017
2014-10-11,360.9,10.38153171
2014-10-12,361.95,11.01613637
2014-10-13,380.8,13.1040355
2014-10-14,391.98,13.26556263
2014-10-15,402.5,12.55077471
2014-10-16,394.84,12.15888547
2014-10-17,383.85,11.70451158
2014-10-18,383.14,10.35069092
2014-10-19,391.0,10.55272153
2014-10-20,389.44,12.95595559
2014-10-21,381.46,13.01537323
2014-10-22,385.89,12.67184925
2014-10-23,384.07,12.79445941
2014-10-24,357.2,12.35002581
2014-10-25,358.49,11.10930101
2014-10-26,347.0,11.22128422
2014-10-27,355.3,13.52589194
2014-10-28,350.9,13.36919791
2014-10-29,355.79,14.27478919
2014-10-30,335.33,13.86147032
2014-10-31,345.3,12.88146038
2014-11-01,337.79,12.57724969
2014-11-02,324.51,12.64623465
2014-11-03,324.36,16.58571291
2014-11-04,326.49,13.52152956
2014-11-05,330.23,13.39815386
2014-11-06,338.63,14.26622609
2014-11-07,349.96,13.57256903
2014-11-08,342.19,10.78458677
2014-11-09,346.94,15.0455737
2014-11-10,365.94,13.42372982
2014-11-11,365.8,13.37416163
2014-11-12,369.41,15.1220236
2014-11-13,420.19,14.39117594
2014-11-14,419.99,13.15059241
2014-11-15,399.11,11.20153289
2014-11-16,376.99,11.61501236
2014-11-17,389.87,15.10046843
2014-11-18,388.87,13.06674027
2014-11-19,374.92,13.16045397
2014-11-20,379.05,13.27805051
2014-11-21,356.47,12.73306344
2014-11-22,350.25,11.00513028
2014-11-23,353.04,11.9135696
2014-11-24,367.12,13.0828147
2014-11-25,374.58,12.18659868
2014-11-26,376.16,12.15985418
2014-11-27,366.86,11.99225619
2014-11-28,369.97,11.6757035
2014-11-29,376.98,11.08339144
2014-11-30,375.59,12.79344747
2014-12-01,376.03,13.9126614
2014-12-02,377.42,14.1965774
2014-12-03,379.62,13.66172344
2014-12-04,376.03,14.82170755
2014-12-05,368.73,12.38234866
2014-12-06,376.0,11.18769286
2014-12-07,375.05,10.91019053
2014-12-08,376.01,15.78243929
2014-12-09,362.99,12.59212127
2014-12-10,351.82,12.50345362
2014-12-11,348.79,11.96549856
2014-12-12,348.97,11.56648508
2014-12-13,352.21,10.37249204
2014-12-14,351.77,12.07562664
2014-12-15,357.8,14.15068874
2014-12-16,347.96,15.01735313
2014-12-17,329.84,15.18390144
2014-12-18,321.34,13.73600085
2014-12-19,312.26,14.8596721
2014-12-20,318.59,12.13819778
2014-12-21,331.52,11.33607592
2014-12-22,320.0,14.0020016
2014-12-23,331.98,14.15710028
2014-12-24,336.95,11.1007103
2014-12-25,323.68,9.31387778
2014-12-26,319.81,19.30070793
2014-12-27,329.94,17.17108793
2014-12-28,316.09,12.28692784
2014-12-29,317.41,14.4376344
2014-12-30,313.4,13.86755078
2014-12-31,311.0,11.38141903
2015-01-01,320.97,8.05416484
2015-01-02,314.81,11.82270129
2015-01-03,316.51,11.79841308
2015-01-04,285.09,21.74861782
2015-01-05,263.17,16.09135479
2015-01-06,274.28,12.84608123
2015-01-07,287.32,12.78348978
2015-01-08,297.99,16.27746896
2015-01-09,284.49,15.20418118
2015-01-10,290.81,15.25846972
2015-01-11,275.97,13.53639408
2015-01-12,269.68,32.94802367
2015-01-13,267.02,15.50901423
2015-01-14,222.0,15.22479663
2015-01-15,172.0,17.25104955
2015-01-16,210.21,14.59406088
2015-01-17,208.13,13.34222178
2015-01-18,199.77,13.877202
2015-01-19,211.98,14.34755742
2015-01-20,216.01,14.37349806
2015-01-21,210.71,13.40029971
2015-01-22,224.59,13.40410002
2015-01-23,233.51,13.68235392
2015-01-24,233.71,11.54826012
2015-01-25,249.32,13.306376
2015-01-26,254.32,16.01810841
2015-01-27,274.43,14.03022961
2015-01-28,263.52,11.59256582
2015-01-29,236.2,12.23134655
2015-01-30,235.99,11.21422969
2015-01-31,226.97,12.52130893
2015-02-01,219.25,11.21454393
2015-02-02,226.98,12.46050215
2015-02-03,237.97,13.07488376
2015-02-04,227.53,12.57715341
2015-02-05,226.71,12.09566718
2015-02-06,216.98,11.70807312
2015-02-07,222.36,11.76433401
2015-02-08,229.3,11.7527563
2015-02-09,223.93,14.88796877
2015-02-10,219.93,14.33710661
2015-02-11,220.36,14.40657851
2015-02-12,219.6,12.55298681
2015-02-13,222.33,17.42269239
2015-02-14,236.9,15.01567083
2015-02-15,257.5,13.82078432
2015-02-16,234.18,15.3766672
2015-02-17,234.5,15.96837665
2015-02-18,245.29,14.96619549
2015-02-19,237.44,13.58169837
2015-02-20,241.39,15.10495925
2015-02-21,245.78,12.94726109
2015-02-22,245.41,12.35815172
2015-02-23,235.98,14.52475248
2015-02-24,238.9,14.41178545
2015-02-25,239.94,15.23357961
2015-02-26,237.97,14.09722225
2015-02-27,236.59,14.39065266
2015-02-28,252.11,13.49989157
2015-03-01,253.5,13.97061238
2015-03-02,257.05,15.3940228
2015-03-03,275.87,15.6440078
2015-03-04,279.47,14.53469909
2015-03-05,270.06,14.89058476
2015-03-06,273.11,16.76618435
2015-03-07,272.34,13.06858102
2015-03-08,276.66,13.21540516
2015-03-09,275.0,15.72043904
2015-03-10,287.01,15.35729233
2015-03-11,290.0,15.32225806
2015-03-12,296.56,14.00767054
2015-03-13,294.9,13.70402241
2015-03-14,285.03,12.34936058
2015-03-15,282.2,11.9740388
2015-03-16,286.79,15.13383473
2015-03-17,289.28,14.10203756
2015-03-18,284.48,15.16419516
2015-03-19,256.99,16.48516776
2015-03-20,261.39,16.0965401
2015-03-21,262.1,13.25657744
2015-03-22,259.99,13.13911317
2015-03-23,267.75,17.57202944
2015-03-24,265.99,13.68366895
2015-03-25,245.0,15.77234281
2015-03-26,247.08,14.52750048
2015-03-27,249.23,13.97818158
2015-03-28,247.57,12.58691333
2015-03-29,252.96,12.76426269
2015-03-30,242.34,15.45788621
2015-03-31,248.0,16.30322108
2015-04-01,243.63,16.83868407
2015-04-02,246.49,15.69228121
2015-04-03,253.28,14.9398179
2015-04-04,254.3,13.74643295
2015-04-05,253.67,14.83959852
2015-04-06,260.52,16.08612337
2015-04-07,255.18,15.6944422
2015-04-08,253.9,16.1527751
2015-04-09,245.0,18.87801779
2015-04-10,243.0,27.80415534
2015-04-11,236.0,16.6150047
2015-04-12,236.36,14.10159871
2015-04-13,236.5,17.27967925
2015-04-14,223.01,16.02169132
2015-04-15,216.23,15.47774603
2015-04-16,222.55,14.03218749
2015-04-17,227.5,14.66698599
2015-04-18,222.64,13.32714608
2015-04-19,223.41,12.99562204
2015-04-20,222.61,17.01682374
2015-04-21,224.29,15.43035927
2015-04-22,235.85,15.864116
2015-04-23,233.59,15.85553042
2015-04-24,235.98,15.60361285
2015-04-25,231.16,99.35690506
2015-04-26,226.29,13.43856985
2015-04-27,219.52,15.72423382
2015-04-28,227.01,16.15746744
2015-04-29,225.2,16.87860527
2015-04-30,225.62,16.73387524
2015-05-01,235.97,13.73766087
2015-05-02,230.97,13.99169181
2015-05-03,233.77,12.34368977
2015-05-04,239.47,15.10627218
2015-05-05,238.25,16.32255227
2015-05-06,235.87,15.78427708
2015-05-07,228.99,15.99528963
2015-05-08,237.16,16.57046441
2015-05-09,243.24,13.34743823
2015-05-10,242.19,15.5854514
2015-05-11,239.11,17.33158914
2015-05-12,240.95,16.05606726
2015-05-13,241.1,15.48162095
2015-05-14,235.97,14.06091765
2015-05-15,237.1,15.12186504
2015-05-16,237.37,13.11363793
2015-05-17,236.63,13.07921042
2015-05-18,235.83,14.84130953
2015-05-19,232.81,15.68797983
2015-05-20,231.4,15.0403967
2015-05-21,234.11,14.47529212
2015-05-22,235.0,15.33794565
2015-05-23,238.8,12.75570619
2015-05-24,237.76,13.52427108
2015-05-25,239.55,15.52614626
2015-05-26,235.59,18.04951479
2015-05-27,235.68,16.00109647
2015-05-28,235.31,16.24789347
2015-05-29,236.44,17.83224896
2015-05-30,235.72,17.0420672
2015-05-31,232.3,39.45981082
2015-06-01,228.34,21.70563529
2015-06-02,223.52,18.56065267
2015-06-03,225.19,18.03214868
2015-06-04,225.4,16.82484681
2015-06-05,222.88,15.9113149
2015-06-06,224.76,14.25095862
2015-06-07,224.99,12.96274061
2015-06-08,222.28,17.34380551
2015-06-09,227.66,17.7172119
2015-06-10,228.88,20.08297998
2015-06-11,227.8,17.44264663
2015-06-12,229.03,18.36680608
2015-06-13,229.6,16.9025367
2015-06-14,231.5,15.98348336
2015-06-15,232.07,19.87304204
2015-06-16,236.0,20.13279514
2015-06-17,249.98,23.45269754
2015-06-18,247.45,27.33272035
2015-06-19,248.26,27.30544421
2015-06-20,243.85,15.3721681
2015-06-21,244.75,14.07698414
2015-06-22,243.55,27.92504014
2015-06-23,246.77,18.74452789
2015-06-24,243.86,16.35528118
2015-06-25,240.2,16.69325104
2015-06-26,242.08,18.16023869
2015-06-27,242.98,16.74241236
2015-06-28,251.21,15.3949869
2015-06-29,248.57,18.70253432
2015-06-30,256.05,29.95122247
2015-07-01,262.43,21.27628595
2015-07-02,257.78,24.29662311
2015-07-03,254.68,22.79418437
2015-07-04,256.12,17.84510252
2015-07-05,260.33,20.94808987
2015-07-06,271.34,35.590639
2015-07-07,268.53,43.28253875
2015-07-08,265.83,50.7814831
2015-07-09,270.31,40.17988719
2015-07-10,269.0,37.36990049
2015-07-11,284.92,38.71393068
2015-07-12,291.64,44.36391382
2015-07-13,310.55,32.26811751
2015-07-14,291.94,29.19469656
2015-07-15,287.92,26.13382277
2015-07-16,285.66,27.39621947
2015-07-17,277.78,24.04523437
2015-07-18,279.43,43.55700027
2015-07-19,276.74,19.6377689
2015-07-20,275.47,40.05246965
2015-07-21,279.01,25.67332781
2015-07-22,276.76,27.36251591
2015-07-23,277.97,26.58585451
2015-07-24,276.59,23.27602155
2015-07-25,289.0,20.24099182
2015-07-26,288.78,21.17046613
2015-07-27,292.82,31.33315906
2015-07-28,293.93,27.90367841
2015-07-29,293.92,39.00263677
2015-07-30,290.2,34.02627027
2015-07-31,288.45,37.75865133
2015-08-01,284.31,32.67417545
2015-08-02,280.95,20.81821964
2015-08-03,282.26,27.09518893
2015-08-04,281.12,35.18586297
2015-08-05,285.0,33.89808802
2015-08-06,281.0,37.05030425
2015-08-07,277.08,25.06010357
2015-08-08,279.32,22.40730609
2015-08-09,262.22,19.00348649
2015-08-10,265.05,28.5686514
2015-08-11,264.47,26.09037644
2015-08-12,270.98,25.59291304
2015-08-13,267.53,24.68525201
2015-08-14,264.48,24.26238231
2015-08-15,265.93,20.52411841
2015-08-16,261.43,18.9535101
2015-08-17,256.11,23.50533255
2015-08-18,256.66,25.60465587
2015-08-19,222.11,24.16873641
2015-08-20,226.25,25.77554216
2015-08-21,235.31,23.20451447
2015-08-22,233.49,22.39789595
2015-08-23,231.0,20.68006617
2015-08-24,228.14,26.21538332
2015-08-25,210.96,25.2405721
2015-08-26,222.13,25.15845138
2015-08-27,225.04,23.84085221
2015-08-28,225.11,24.47653218
2015-08-29,231.52,21.35923021
2015-08-30,229.63,19.51472621
2015-08-31,228.39,27.56912196
2015-09-01,230.25,25.26556984
2015-09-02,227.97,53.88841426
2015-09-03,229.26,27.97427509
2015-09-04,227.24,25.08295191
2015-09-05,230.73,27.84723132
2015-09-06,235.74,21.87159142
2015-09-07,240.2,29.70364898
2015-09-08,240.47,25.62157265
2015-09-09,244.21,27.16877078
2015-09-10,238.3,27.79300834
2015-09-11,238.81,38.07931771
2015-09-12,239.94,29.08465555
2015-09-13,234.73,25.36632619
2015-09-14,230.0,31.22149088
2015-09-15,229.71,28.87989851
2015-09-16,229.54,26.10466496
2015-09-17,228.33,27.11789352
2015-09-18,232.17,25.40203437
2015-09-19,232.52,21.74704429
2015-09-20,230.25,21.2534805
2015-09-21,230.16,28.77250376
2015-09-22,226.27,27.82720079
2015-09-23,230.42,25.52187592
2015-09-24,229.42,24.27461543
2015-09-25,234.0,27.11947875
2015-09-26,235.22,24.99832779
2015-09-27,233.99,21.98745167
2015-09-28,232.41,26.28988147
2015-09-29,239.14,27.3765497
2015-09-30,236.94,26.79319008
2015-10-01,236.17,28.82708269
2015-10-02,238.03,25.92049816
2015-10-03,237.77,21.68642606
2015-10-04,239.09,19.36537912
2015-10-05,238.4,23.34896688
2015-10-06,240.6,25.80662237
2015-10-07,246.8,24.96770404
2015-10-08,243.01,26.86679732
2015-10-09,243.01,23.10188544
2015-10-10,244.49,24.80907025
2015-10-11,245.72,19.35308736
2015-10-12,248.04,25.47023804
2015-10-13,245.5,24.94470798
2015-10-14,249.98,27.15648782
2015-10-15,252.47,28.38709887
2015-10-16,254.5,28.3561839
2015-10-17,262.26,27.00692963
2015-10-18,270.04,22.87814229
2015-10-19,261.04,28.30097624
2015-10-20,263.59,31.63227656
2015-10-21,270.75,28.40338671
2015-10-22,267.97,29.4120876
2015-10-23,274.35,28.73077494
2015-10-24,278.62,26.88985085
2015-10-25,282.71,24.82972719
2015-10-26,282.8,26.65010032
2015-10-27,286.69,29.03670838
2015-10-28,295.35,30.11709528
2015-10-29,304.79,33.96205933
2015-10-30,314.81,32.04370245
2015-10-31,328.17,28.54469017
2015-11-01,310.18,27.34475095
2015-11-02,325.79,33.2823864
2015-11-03,361.54,34.34305541
2015-11-04,404.5,44.91027343
2015-11-05,408.0,34.12758502
2015-11-06,386.04,32.32119456
2015-11-07,373.69,25.79858313
2015-11-08,387.02,23.43890815
2015-11-09,371.08,29.59354321
2015-11-10,380.62,29.20202127
2015-11-11,336.29,27.96582529
2015-11-12,308.98,25.76607374
2015-11-13,340.81,25.62122509
2015-11-14,336.99,24.47520325
2015-11-15,332.06,23.01078957
2015-11-16,318.97,27.79466448
2015-11-17,330.72,26.30052583
2015-11-18,336.01,27.37508755
2015-11-19,333.66,25.73583511
2015-11-20,325.9,25.74141814
2015-11-21,322.12,23.84630843
2015-11-22,326.31,23.30401546
2015-11-23,323.78,25.64701023
2015-11-24,323.48,25.12325561
2015-11-25,319.64,26.50728282
2015-11-26,328.9,27.95046286
2015-11-27,356.33,26.65176592
2015-11-28,358.0,26.47215741
2015-11-29,356.4,22.17266336
2015-11-30,371.0,34.29084643
2015-12-01,377.27,31.25843549
2015-12-02,362.58,32.47262681
2015-12-03,359.08,29.71151175
2015-12-04,361.47,28.66553139
2015-12-05,363.78,31.07756174
2015-12-06,386.95,30.36759062
2015-12-07,387.3,33.02830019
2015-12-08,394.87,32.78755044
2015-12-09,413.6,37.30535029
2015-12-10,416.49,35.89685418
2015-12-11,415.15,43.27706332
2015-12-12,450.87,36.96162758
2015-12-13,436.2,33.25167033
2015-12-14,433.39,40.52758586
2015-12-15,443.78,39.9989931
2015-12-16,463.98,37.38604758
2015-12-17,455.47,37.64708734
2015-12-18,456.58,37.77548047
2015-12-19,463.0,35.23701085
2015-12-20,461.75,33.53649378
2015-12-21,442.54,41.10369193
2015-12-22,438.35,39.13063975
2015-12-23,435.28,39.8125779
2015-12-24,442.54,36.33612595
2015-12-25,456.0,29.58094326
2015-12-26,455.5,31.37472184
2015-12-27,417.11,27.06454523
2015-12-28,422.42,31.14441685
2015-12-29,420.97,31.35063356
2015-12-30,433.23,30.79767766
2015-12-31,428.23,25.50670682
2016-01-01,430.89,19.82080598
2016-01-02,434.75,31.37600479
2016-01-03,432.76,24.08304879
2016-01-04,430.78,30.74684308
2016-01-05,434.17,32.27846687
2016-01-06,432.43,30.40324362
2016-01-07,429.26,37.02453793
2016-01-08,458.66,32.53002298
2016-01-09,452.64,30.22393822
2016-01-10,448.47,27.95780106
2016-01-11,448.43,35.90416653
2016-01-12,447.98,34.70749772
2016-01-13,437.0,34.27954249
2016-01-14,432.63,31.82088874
2016-01-15,429.55,35.76071656
2016-01-16,363.75,34.77336876
2016-01-17,387.87,36.326795
2016-01-18,380.16,39.48023545
2016-01-19,385.49,39.67840683
2016-01-20,377.41,46.47964248
2016-01-21,420.35,50.3603795
2016-01-22,409.62,45.16359551
2016-01-23,381.5,38.59889347
2016-01-24,385.09,40.1824236
2016-01-25,403.19,45.9839664
2016-01-26,390.92,47.01650631
2016-01-27,391.66,49.12850373
2016-01-28,394.36,47.43453192
2016-01-29,379.82,46.98023086
2016-01-30,378.18,38.97923245
2016-01-31,376.6,34.55384553
2016-02-01,367.86,55.98834185
2016-02-02,371.99,58.64427461
2016-02-03,373.05,44.727733
2016-02-04,368.46,38.13751292
2016-02-05,388.0,43.03457951
2016-02-06,384.07,40.20959148
2016-02-07,375.29,38.93269746
2016-02-08,375.0,42.13873335
2016-02-09,371.55,41.7533383
2016-02-10,373.46,45.10160409
2016-02-11,379.14,44.25502408
2016-02-12,378.02,39.03763903
2016-02-13,382.62,34.91582779
2016-02-14,389.88,35.15265778
2016-02-15,405.08,42.11669849
2016-02-16,399.21,42.20291344
2016-02-17,407.0,43.84467565
2016-02-18,414.87,43.33919321
2016-02-19,420.53,45.93178995
2016-02-20,419.98,41.35279322
2016-02-21,435.19,40.3175371
2016-02-22,438.0,45.80619995
2016-02-23,436.76,48.35862446
2016-02-24,419.25,45.99151748
2016-02-25,423.79,45.89148285
2016-02-26,423.46,42.35918186
2016-02-27,430.0,37.33826946
2016-02-28,431.59,44.48851907
2016-02-29,431.89,55.28146424
2016-03-01,436.75,60.06599979
2016-03-02,433.66,92.15325496
2016-03-03,422.5,56.09368275
2016-03-04,420.06,51.56297271
2016-03-05,408.4,62.07709524
2016-03-06,399.17,39.12461422
2016-03-07,405.69,43.73955784
2016-03-08,412.37,44.92403847
2016-03-09,412.15,54.68048263
2016-03-10,412.84,41.07926816
2016-03-11,416.0,39.76764706
2016-03-12,420.11,34.40586731
2016-03-13,409.9,35.80250793
2016-03-14,412.85,41.05698574
2016-03-15,414.99,42.88754793
2016-03-16,415.7,47.99646002
2016-03-17,416.64,46.32816082
2016-03-18,418.49,42.894972
2016-03-19,407.96,34.35487023
2016-03-20,409.11,33.74667059
2016-03-21,411.81,41.13390235
2016-03-22,411.95,42.63768215
2016-03-23,416.39,38.35156743
2016-03-24,417.96,38.50255692
2016-03-25,415.17,32.7033762
2016-03-26,415.98,35.8323759
2016-03-27,416.96,31.75097348
2016-03-28,425.0,46.15473942
2016-03-29,422.86,57.79052183
2016-03-30,415.83,45.75345212
2016-03-31,413.74,45.74989907
2016-04-01,414.83,53.2276954
2016-04-02,416.31,49.66375403
2016-04-03,419.13,43.58224685
2016-04-04,418.51,45.08180774
2016-04-05,419.71,47.92742177
2016-04-06,421.66,58.44875393
2016-04-07,421.6,44.73522886
2016-04-08,419.95,43.53738918
2016-04-09,417.86,36.54361898
2016-04-10,418.58,33.25339902
2016-04-11,420.75,50.11203705
2016-04-12,422.63,50.75962758
2016-04-13,425.69,45.74314812
2016-04-14,423.87,44.86496577
2016-04-15,424.38,44.67354732
2016-04-16,429.45,34.12321152
2016-04-17,430.58,34.28061725
2016-04-18,427.31,47.33042977
2016-04-19,427.42,43.48327587
2016-04-20,435.95,43.21507171
2016-04-21,441.82,42.82120266
2016-04-22,451.0,42.68874359
2016-04-23,447.7,33.15097021
2016-04-24,451.92,33.26865456
2016-04-25,460.03,43.29847026
2016-04-26,462.5,337.75639818
2016-04-27,467.55,46.11149971
2016-04-28,445.29,49.62034503
2016-04-29,449.98,49.9195874
2016-04-30,455.97,40.87923127
2016-05-01,448.84,34.50281105
2016-05-02,453.0,45.13159943
2016-05-03,443.84,44.86828296
2016-05-04,450.61,47.17178574
2016-05-05,446.84,44.25619976
2016-05-06,449.37,44.519552
2016-05-07,458.98,37.61683514
2016-05-08,459.02,34.73771327
2016-05-09,458.31,40.4654474
2016-05-10,460.66,48.10185732
2016-05-11,450.78,45.88566709
2016-05-12,452.84,46.75238994
2016-05-13,454.26,47.58216903
2016-05-14,455.82,48.00318276
2016-05-15,456.31,45.61359577
2016-05-16,457.34,60.51568467
2016-05-17,454.0,58.4408726
2016-05-18,453.08,58.26811656
2016-05-19,452.99,54.98968957
2016-05-20,436.05,51.58622819
2016-05-21,442.52,56.82664163
2016-05-22,443.21,43.20770201
2016-05-23,438.47,54.73645083
2016-05-24,442.99,59.53134626
2016-05-25,444.1,59.87550803
2016-05-26,448.7,55.65651605
2016-05-27,452.05,70.89209327
2016-05-28,469.98,52.34180926
2016-05-29,526.64,47.98546674
2016-05-30,511.3,57.85196125
2016-05-31,526.42,52.33924442
2016-06-01,531.97,56.18497783
2016-06-02,538.37,58.53519721
2016-06-03,538.0,54.69656979
2016-06-04,567.88,46.44371282
2016-06-05,573.85,44.16827831
2016-06-06,573.91,52.13956486
2016-06-07,583.72,52.51815706
2016-06-08,578.07,50.40981971
2016-06-09,583.1,53.21550949
2016-06-10,574.32,52.81223012
2016-06-11,577.95,46.24529278
2016-06-12,608.01,52.42482099
2016-06-13,665.85,63.87453511
2016-06-14,704.5,69.04509389
2016-06-15,685.19,83.38614703
2016-06-16,693.88,82.29665972
2016-06-17,765.0,78.90209509
2016-06-18,746.63,70.57830565
2016-06-19,751.96,63.14349102
2016-06-20,759.35,76.7711358
2016-06-21,724.04,76.28917579
2016-06-22,664.46,78.85018659
2016-06-23,592.81,75.30395381
2016-06-24,622.08,74.11847429
2016-06-25,665.0,60.99766676
2016-06-26,660.44,54.30478358
2016-06-27,630.19,61.78464957
2016-06-28,651.85,58.37675619
2016-06-29,645.15,61.68595835
2016-06-30,635.99,62.5040288
2016-07-01,667.95,57.69296304
2016-07-02,675.63,52.92652832
2016-07-03,701.41,45.47185343
2016-07-04,656.97,55.14588726
2016-07-05,681.98,55.87364447
2016-07-06,668.0,55.67845334
2016-07-07,673.76,56.50728572
2016-07-08,638.5,57.25884524
2016-07-09,663.0,47.40040469
2016-07-10,647.41,38.56114004
2016-07-11,648.35,57.33521701
2016-07-12,649.33,51.17140866
2016-07-13,664.5,53.18160911
2016-07-14,652.87,57.48641729
2016-07-15,659.12,55.22548963
2016-07-16,663.19,50.67563958
2016-07-17,661.32,47.87291321
2016-07-18,679.58,59.07113707
2016-07-19,673.46,61.86165427
2016-07-20,674.95,64.19434833
2016-07-21,667.5,60.4162541
2016-07-22,664.0,65.19185579
2016-07-23,649.75,60.03161359
2016-07-24,655.53,50.9057638
2016-07-25,661.48,69.72168119
2016-07-26,654.98,70.79427446
2016-07-27,651.16,74.91411699
2016-07-28,655.37,71.63045994
2016-07-29,655.54,72.26700639
2016-07-30,654.88,65.72047583
2016-07-31,654.68,72.5596168
2016-08-01,623.91,73.17800941
2016-08-02,605.56,81.38920804
2016-08-03,530.74,75.68290751
2016-08-04,564.01,69.53744777
2016-08-05,577.44,74.55527344
2016-08-06,572.72,59.68826373
2016-08-07,589.5,66.98389239
2016-08-08,592.56,86.44357031
2016-08-09,591.69,74.29724567
2016-08-10,584.98,75.53269014
2016-08-11,591.5,79.92226711
2016-08-12,586.01,70.76200713
2016-08-13,585.91,62.74827301
2016-08-14,583.34,61.62650466
2016-08-15,567.34,68.34053066
2016-08-16,565.69,83.09112751
2016-08-17,574.94,73.73160399
2016-08-18,570.92,76.47075341
2016-08-19,570.3,80.79961253
2016-08-20,572.84,61.21304534
2016-08-21,577.52,50.66277505
2016-08-22,577.24,65.77382642
2016-08-23,583.3,67.65790776
2016-08-24,581.98,64.62449049
2016-08-25,578.75,64.61425534
2016-08-26,575.75,62.44953714
2016-08-27,577.77,55.47429433
2016-08-28,567.2,48.91366874
2016-08-29,573.2,64.37949671
2016-08-30,571.5,67.63053145
2016-08-31,575.97,62.47730836
2016-09-01,570.76,63.48703333
2016-09-02,571.0,57.33859607
2016-09-03,572.0,51.54954056
2016-09-04,595.01,46.63006916
2016-09-05,603.95,63.04984857
2016-09-06,604.99,60.65357465
2016-09-07,608.16,63.76239601
2016-09-08,615.33,59.60240707
2016-09-09,625.06,63.36822147
2016-09-10,622.0,51.15995466
2016-09-11,621.65,47.43305867
2016-09-12,604.02,55.92604475
2016-09-13,608.01,68.05656902
2016-09-14,608.82,62.36523412
2016-09-15,608.99,59.69619981
2016-09-16,606.72,63.99372021
2016-09-17,607.04,57.63998368
2016-09-18,604.09,53.0225757
2016-09-19,607.31,66.12043758
2016-09-20,608.66,68.36086914
2016-09-21,605.5,64.96509855
2016-09-22,595.46,62.72699094
2016-09-23,594.08,60.05767564
2016-09-24,600.7,58.95425424
2016-09-25,599.33,49.59149659
2016-09-26,598.98,60.52560461
2016-09-27,606.79,62.99270729
2016-09-28,604.26,64.74431075
2016-09-29,603.85,68.53955587
2016-09-30,604.13,68.45068728
2016-10-01,608.38,58.7351644
2016-10-02,612.98,54.39274125
2016-10-03,608.6,74.26828206
2016-10-04,612.98,71.03602966
2016-10-05,607.18,72.77844316
2016-10-06,608.0,77.72649993
2016-10-07,609.41,72.05178137
2016-10-08,614.74,67.51007174
2016-10-09,614.46,58.27379152
2016-10-10,613.06,67.8353189
2016-10-11,614.77,80.75501147
2016-10-12,638.3,68.31244694
2016-10-13,635.16,67.12105979
2016-10-14,634.02,68.01350542
2016-10-15,638.2,62.6006372
2016-10-16,636.86,57.54846761
2016-10-17,638.97,72.44112233
2016-10-18,635.54,77.24037508
2016-10-19,635.95,62.38149631
2016-10-20,627.72,89.31863339
2016-10-21,628.89,76.08109984
2016-10-22,629.0,66.62886636
2016-10-23,653.25,67.49823388
2016-10-24,649.69,81.14570038
2016-10-25,643.93,99.0913517100001
2016-10-26,651.45,123.66682607
2016-10-27,674.63,111.04197547
2016-10-28,685.0,82.18591551
2016-10-29,685.91,73.16334719
2016-10-30,712.0,62.61635815
2016-10-31,697.23,76.30761672
2016-11-01,697.01,78.88304167
2016-11-02,726.6,79.52440935
2016-11-03,741.12,78.9896584
2016-11-04,683.69,84.33985522
2016-11-05,702.71,73.75387364
2016-11-06,703.48,70.81542827
2016-11-07,709.96,91.27487749
2016-11-08,703.23,89.2553591699999
2016-11-09,708.15,83.73198606
2016-11-10,721.5,82.2928672
2016-11-11,714.48,72.74402535
2016-11-12,716.2,65.89536127
2016-11-13,702.28,62.67231406
2016-11-14,700.38,79.42615064
2016-11-15,705.03,81.45867865
2016-11-16,711.73,79.46533169
2016-11-17,739.42,89.03665576
2016-11-18,736.84,83.54457183
2016-11-19,748.98,72.14751446
2016-11-20,750.71,72.95353104
2016-11-21,727.09,94.92004537
2016-11-22,736.97,101.52105178
2016-11-23,749.26,108.95046532
2016-11-24,740.17,135.86177837
2016-11-25,735.64,138.07167767
2016-11-26,737.07,101.74634136
2016-11-27,729.91,81.15381886
2016-11-28,727.31,109.57588157
2016-11-29,729.45,101.05426951
2016-11-30,730.02,99.56774283
2016-12-01,742.05,102.70561249
2016-12-02,750.81,120.59021932
2016-12-03,769.99,101.13526766
2016-12-04,762.97,92.63816666
2016-12-05,762.0,106.12511446
2016-12-06,750.59,119.47737538
2016-12-07,758.99,107.59327335
2016-12-08,766.48,96.23895714
2016-12-09,767.28,96.30486037
2016-12-10,769.08,86.84229837
2016-12-11,772.28,76.69390919
2016-12-12,768.19,93.1264006
2016-12-13,777.99,97.65573127
2016-12-14,778.49,94.82014754
2016-12-15,777.09,100.43219466
2016-12-16,775.88,97.57905572
2016-12-17,781.32,81.36024503
2016-12-18,787.28,80.81959375
2016-12-19,788.67,103.96098767
2016-12-20,791.03,101.92528818
2016-12-21,801.51,114.92502583
2016-12-22,834.97,106.17675284
2016-12-23,860.18,100.48771495
2016-12-24,913.93,83.58322018
2016-12-25,892.6,61.93750723
2016-12-26,890.99,87.97239373
2016-12-27,896.82,99.53217417
2016-12-28,930.34,104.35263976
2016-12-29,975.89,107.23074067
2016-12-30,970.35,100.318724
2016-12-31,958.12,82.32831226
2017-01-01,964.84,65.07949883
2017-01-02,997.36,112.88414659
2017-01-03,1013.42,117.50869676
2017-01-04,1037.83,193.3374362
2017-01-05,1109.16,114.99194252
2017-01-06,999.65,127.77072194
2017-01-07,891.95,106.3384173
2017-01-08,906.16,91.2413481999999
2017-01-09,910.49,102.04592665
2017-01-10,896.92,119.94087094
2017-01-11,903.66,111.82087465
2017-01-12,780.92,105.50392824
2017-01-13,805.52,96.9954013
2017-01-14,825.0,86.85666196
2017-01-15,819.55,82.2243205899999
2017-01-16,822.01,103.64270285
2017-01-17,830.56,109.39305302
2017-01-18,906.6,107.93626344
2017-01-19,885.44,112.3957332
2017-01-20,903.1,104.84963495
2017-01-21,895.64,94.5896326300001
2017-01-22,921.99,87.1148655
2017-01-23,922.33,109.01172711
2017-01-24,919.97,143.1652105
2017-01-25,883.59,135.00808277
2017-01-26,893.14,123.55631958
2017-01-27,915.05,114.04371837
2017-01-28,918.01,122.5350693
2017-01-29,918.62,119.8377983
2017-01-30,912.19,135.15608339
2017-01-31,920.0,145.66158893
2017-02-01,964.1,154.9165724
2017-02-02,983.42,142.30055361
2017-02-03,1008.67,162.42120704
2017-02-04,1015.65,138.64644801
2017-02-05,1034.07,136.17869567
2017-02-06,1011.08,154.93020175
2017-02-07,1023.96,170.75671139
2017-02-08,1052.84,157.14493504
2017-02-09,1050.7,174.18568718
2017-02-10,985.34,139.77915541
2017-02-11,997.59,117.08000976
2017-02-12,1012.46,102.51055926
2017-02-13,1000.74,136.77242215
2017-02-14,1001.2,140.99131586
2017-02-15,1007.08,134.04888989
2017-02-16,1011.25,169.87720101
2017-02-17,1035.2,165.84442388
2017-02-18,1054.55,152.22901802
2017-02-19,1056.0,129.44377921
2017-02-20,1050.87,159.91401438
2017-02-21,1084.06,165.81707207
2017-02-22,1125.0,182.03570523
2017-02-23,1130.01,211.65472424
2017-02-24,1187.41,226.7099144
2017-02-25,1180.14,191.30417997
2017-02-26,1150.37,161.17260121
2017-02-27,1180.46,195.38746144
2017-02-28,1194.17,227.3714723
2017-03-01,1190.89,229.59036693
2017-03-02,1224.98,252.22663973
2017-03-03,1257.6,259.68606189
2017-03-04,1287.0,220.29548015
2017-03-05,1262.2,216.69618574
2017-03-06,1271.04,238.98093612
2017-03-07,1279.5,269.77191295
2017-03-08,1233.88,233.7307623
2017-03-09,1155.11,236.67178552
2017-03-10,1192.09,257.91797636
2017-03-11,1104.94,217.66771727
2017-03-12,1176.59,190.62879952
2017-03-13,1227.68,220.75092528
2017-03-14,1240.72,256.53171308
2017-03-15,1246.72,236.25501962
2017-03-16,1257.0,264.55158129
2017-03-17,1170.2,244.58901754
2017-03-18,1068.3,217.05770532
2017-03-19,967.69,211.62793576
2017-03-20,1010.99,241.15787713
2017-03-21,1031.5,248.6366135
2017-03-22,1113.0,265.84522812
2017-03-23,1030.2,235.99807634
2017-03-24,1029.99,231.55050182
2017-03-25,927.93,182.00765156
2017-03-26,961.81,154.65177428
2017-03-27,959.47,194.84378734
2017-03-28,1041.04,233.22176362
2017-03-29,1042.77,212.93579722
2017-03-30,1039.77,203.40448684
2017-03-31,1034.74,217.27700693
2017-04-01,1073.09,190.64263242
2017-04-02,1082.81,180.73640574
2017-04-03,1079.99,221.03918997
2017-04-04,1146.98,200.30284512
2017-04-05,1141.23,236.29861443
2017-04-06,1133.53,221.71976913
2017-04-07,1193.73,225.14679282
2017-04-08,1190.22,171.61302076
2017-04-09,1184.03,168.05979031
2017-04-10,1206.18,197.26586623
2017-04-11,1209.99,226.34667638
2017-04-12,1219.09,212.1552116
2017-04-13,1212.17,216.66765492
2017-04-14,1174.43,235.48446532
2017-04-15,1170.36,201.55356574
2017-04-16,1190.5,158.85627688
2017-04-17,1161.1,180.72834518
2017-04-18,1176.97,220.20687325
2017-04-19,1201.2,209.52935942
2017-04-20,1205.0,228.37557725
2017-04-21,1236.63,244.38907052
2017-04-22,1243.61,180.34051775
2017-04-23,1233.24,169.67309519
2017-04-24,1240.84,187.96137981
2017-04-25,1253.57,271.62738431
2017-04-26,1272.67,253.84367765
2017-04-27,1288.02,256.44731571
2017-04-28,1330.33,249.68419536
2017-04-29,1330.7,256.37648122
2017-04-30,1333.0,199.30763935
2017-05-01,1354.8,227.7488656
2017-05-02,1390.86,272.67966183
2017-05-03,1447.55,247.34367708
2017-05-04,1501.0,307.09568071
2017-05-05,1537.23,261.31168454
2017-05-06,1518.75,296.57369266
2017-05-07,1554.04,277.03575031
2017-05-08,1558.74,316.4495528
2017-05-09,1651.1,302.96153363
2017-05-10,1720.26,303.26495895
2017-05-11,1774.52,279.58022914
2017-05-12,1829.0,322.05057537
2017-05-13,1692.88,301.19440047
2017-05-14,1770.8,297.47622441
2017-05-15,1780.0,327.30377033
2017-05-16,1717.91,343.40900559
2017-05-17,1708.99,485.9361122
2017-05-18,1783.98,392.02141315
2017-05-19,1879.99,442.811934
2017-05-20,1957.38,387.7538543
2017-05-21,2008.84,352.78845637
2017-05-22,2017.55,406.63804239
2017-05-23,2099.98,468.38356854
2017-05-24,2256.32,472.94001691
2017-05-25,2421.49,498.87943053
2017-05-26,2277.01,469.79624965
2017-05-27,2279.82,528.8278222
2017-05-28,2047.76,421.48503001
2017-05-29,2177.38,494.90441559
2017-05-30,2290.02,588.38790095
2017-05-31,2204.89,570.4198544
2017-06-01,2298.01,569.07004507
2017-06-02,2409.93,470.15193004
2017-06-03,2488.98,545.64725387
2017-06-04,2541.29,441.99355556
2017-06-05,2529.53,475.43804182
2017-06-06,2699.12,511.33813564
2017-06-07,2872.3,668.13204735
2017-06-08,2683.03,490.9904414
2017-06-09,2809.01,455.56014992
2017-06-10,2825.14,390.9040331
2017-06-11,2898.63,356.12024978
2017-06-12,2954.96,409.8643713
2017-06-13,2656.97,479.43977642
2017-06-14,2706.0,454.74199601
2017-06-15,2445.0,435.40345777
2017-06-16,2424.8,375.35139576
2017-06-17,2477.94,311.39831919
2017-06-18,2629.76,277.9955946
2017-06-19,2522.0,387.16284645
2017-06-20,2600.0,388.08537505
2017-06-21,2740.0,462.70370719
2017-06-22,2658.69,447.10509654
2017-06-23,2713.48,338.95972894
2017-06-24,2685.05,307.20884336
2017-06-25,2557.0,258.68838592
2017-06-26,2502.03,375.05657594
2017-06-27,2430.0,367.89377898
2017-06-28,2558.11,385.86002411
2017-06-29,2558.3,341.40053758
2017-06-30,2541.69,357.17190559
2017-07-01,2476.63,255.27403629
2017-07-02,2421.26,197.85958294
2017-07-03,2512.71,283.21012118
2017-07-04,2549.93,293.93425872
2017-07-05,2598.89,225.82080685
2017-07-06,2600.0,241.52060511
2017-07-07,2599.67,240.65571245
2017-07-08,2502.86,192.41183082
2017-07-09,2555.14,157.22803089
2017-07-10,2509.58,205.57250621
2017-07-11,2327.09,207.57617324
2017-07-12,2310.93,222.35199706
2017-07-13,2388.0,210.79018124
2017-07-14,2338.49,215.37764419
2017-07-15,2216.1,378.35756847
2017-07-16,1972.29,166.92852306
2017-07-17,1910.96,198.03657541
2017-07-18,2220.07,224.51846967
2017-07-19,2300.01,201.60223858
2017-07-20,2265.21,229.27219537
2017-07-21,2840.0,249.73969757
2017-07-22,2672.95,171.03691992
2017-07-23,2825.51,125.37693822
2017-07-24,2748.36,166.96352984
2017-07-25,2759.58,168.49293292
2017-07-26,2564.3,167.53481996
2017-07-27,2516.93,166.27056958
2017-07-28,2656.53,188.43132327
2017-07-29,2784.8,156.46665323
2017-07-30,2704.53,138.11682207
2017-07-31,2738.92,194.86886623
2017-08-01,2862.9,75.94662047
2017-08-02,2731.34,130.51485681
2017-08-03,2699.39,124.10595421
2017-08-04,2790.0,113.47123621
2017-08-05,2856.52,113.56678695
2017-08-06,3250.77,87.90639938
2017-08-07,3210.2,121.82649183
2017-08-08,3380.5,159.06311046
2017-08-09,3408.75,157.95191308
2017-08-10,3340.28,193.18600285
2017-08-11,3413.41,234.94470226
2017-08-12,3650.0,210.75240215
2017-08-13,3868.52,189.71104645
2017-08-14,4073.76,249.18827382
2017-08-15,4315.66,350.45038263
2017-08-16,4179.97,347.52500864
2017-08-17,4375.8,365.31634907
2017-08-18,4279.79,337.96192313
2017-08-19,4104.71,265.91179874
2017-08-20,4146.09,208.98199629
2017-08-21,4054.6,297.96496476
2017-08-22,3986.28,334.18474511
2017-08-23,4090.89,541.97068152
2017-08-24,4133.67,385.99923422
2017-08-25,4331.77,425.81587924
2017-08-26,4357.77,425.31312205
2017-08-27,4339.82,358.8427277
2017-08-28,4339.05,378.17846684
2017-08-29,4376.66,461.76014165
2017-08-30,4594.54,388.49753062
2017-08-31,4582.52,413.21489691
2017-09-01,4732.87,382.74200641
2017-09-02,4908.41,290.49925993
2017-09-03,4585.57,239.13526989
2017-09-04,4603.54,325.4016802
2017-09-05,4202.91,281.90480312
2017-09-06,4385.02,272.59987797
2017-09-07,4612.12,257.33579475
2017-09-08,4613.84,217.76572461
2017-09-09,4312.26,144.85041627
2017-09-10,4330.87,143.23841995
2017-09-11,4232.93,159.73383041
2017-09-12,4198.59,148.9079562
2017-09-13,4169.94,133.73148672
2017-09-14,3865.22,153.73503588
2017-09-15,3216.43,174.81664788
2017-09-16,3707.5,119.91780546
2017-09-17,3689.11,99.41066001
2017-09-18,3678.53,168.30810036
2017-09-19,4092.07,173.70341529
2017-09-20,3899.35,146.40700953
2017-09-21,3894.48,136.34884416
2017-09-22,3600.92,117.1641681
2017-09-23,3604.79,99.6958580500001
2017-09-24,3777.62,83.67519444
2017-09-25,3666.31,147.37049675
2017-09-26,3931.98,150.08561133
2017-09-27,3881.0,143.49865258
2017-09-28,4204.51,134.45160224
2017-09-29,4189.38,115.33216245
2017-09-30,4164.27,101.44145793
2017-10-01,4354.16,119.05349794
2017-10-02,4405.01,180.47323995
2017-10-03,4394.07,152.53441884
2017-10-04,4308.33,136.73283395
2017-10-05,4211.55,160.34424031
2017-10-06,4318.58,149.02120217
2017-10-07,4369.57,108.21556432
2017-10-08,4439.46,111.79647505
2017-10-09,4605.66,149.34098656
2017-10-10,4773.84,167.2582099
2017-10-11,4776.5,148.17289183
2017-10-12,4822.17,174.4145147
2017-10-13,5435.75,281.53458216
2017-10-14,5636.24,227.59563891
2017-10-15,5825.99,162.7073282
2017-10-16,5691.69,193.41946089
2017-10-17,5764.24,209.13726138
2017-10-18,5594.66,192.2026716
2017-10-19,5571.92,191.51239568
2017-10-20,5697.16,161.97244556
2017-10-21,5986.44,167.76730117
2017-10-22,6012.65,155.33193023
2017-10-23,5982.49,185.64433949
2017-10-24,5900.59,199.79056912
2017-10-25,5510.76,141.97537543
2017-10-26,5732.35,112.65051758
2017-10-27,5889.82,166.66745997
2017-10-28,5769.89,175.03828084
2017-10-29,5728.65,278.85712501
2017-10-30,6136.49,263.59097424
2017-10-31,6133.16,231.89499927
2017-11-01,6416.07,296.93760422
2017-11-02,6751.98,277.59079476
2017-11-03,7024.56,271.77385265
2017-11-04,7213.04,273.249729
2017-11-05,7365.99,197.6563993
2017-11-06,7392.51,240.33789733
2017-11-07,6960.58,294.12731396
2017-11-08,7128.64,262.16939123
2017-11-09,7468.44,361.32993999
2017-11-10,7092.42,319.97295719
2017-11-11,6569.22,323.8993876
2017-11-12,6340.89,576.76900632
2017-11-13,5890.08,783.38626441
2017-11-14,6493.63,615.08687921
2017-11-15,6592.73,603.50996198
2017-11-16,7279.78,502.64025918
2017-11-17,7868.77,401.16643265
2017-11-18,7718.2,289.98839235
2017-11-19,7791.3,247.44354414
2017-11-20,8049.72,329.01817427
2017-11-21,8242.81,310.29655182
2017-11-22,8095.88,256.40318228
2017-11-23,8236.72,265.91956914
2017-11-24,8043.31,233.53648718
2017-11-25,8212.78,195.63976527
2017-11-26,8768.8,191.22207725
2017-11-27,9311.7,236.5030831
2017-11-28,9717.32,245.23091351
2017-11-29,9919.0,290.90212855
2017-11-30,9646.35,270.63114407
2017-12-01,9988.19,247.0519056
2017-12-02,10879.88,190.29585342
2017-12-03,10912.87,187.45114274
2017-12-04,11179.52,226.11990963
2017-12-05,11591.22,219.679754
2017-12-06,11660.41,257.16995428
2017-12-07,13843.93,364.60560502
2017-12-08,16860.88,641.42966479
2017-12-09,15875.27,567.08842445
2017-12-10,14652.37,458.10029691
2017-12-11,15068.95,483.63865068
2017-12-12,16732.72,537.94407913
2017-12-13,16916.8,604.2979452
2017-12-14,16252.31,644.60794431
2017-12-15,16408.15,592.70393429
2017-12-16,17507.86,534.01138337
2017-12-17,19279.9,535.43867532
2017-12-18,18905.26,587.12548366
2017-12-19,18911.79,662.59550536
2017-12-20,17382.94,911.59174277
2017-12-21,16357.24,1128.76167038
2017-12-22,15521.07,1495.94647734
2017-12-23,13776.61,1065.61559484
2017-12-24,14121.53,881.12136284
2017-12-25,13554.31,689.39441204
2017-12-26,13740.94,725.62381816
2017-12-27,15677.99,784.81712352
2017-12-28,15422.19,785.83389168
2017-12-29,14214.01,785.79504963
2017-12-30,14413.54,778.5711097
2017-12-31,12612.54,545.14452622
2018-01-01,13796.0,469.41303646
2018-01-02,13374.98,649.16497626
2018-01-03,14793.46,749.68547259
2018-01-04,15039.24,778.26109477
2018-01-05,15169.66,701.35602085
2018-01-06,16914.73,694.47790564
2018-01-07,17155.95,686.11400249
2018-01-08,16192.91,694.5264055
2018-01-09,14962.63,752.4182028
2018-01-10,14437.42,720.32570087
2018-01-11,14882.86,697.44083354
2018-01-12,13285.55,617.63579417
2018-01-13,13791.19,528.46632102
2018-01-14,14246.18,491.32446483
2018-01-15,13583.83,510.11761779
2018-01-16,13554.14,606.38246009
2018-01-17,11307.27,675.09668652
2018-01-18,11091.26,656.89753535
2018-01-19,11174.82,491.48999429
2018-01-20,11506.51,429.4031975
2018-01-21,12744.58,343.36269629
2018-01-22,11513.42,314.61253947
2018-01-23,10770.49,285.95800518
2018-01-24,10831.49,283.49809897
2018-01-25,11392.03,220.85446644
2018-01-26,11150.79,209.13221596
2018-01-27,11094.24,168.25469362
2018-01-28,11431.37,155.34485572
2018-01-29,11742.33,145.75112922
2018-01-30,11186.12,160.30090386
2018-01-31,10082.52,162.20623626
2018-02-01,10204.0,214.02754492
2018-02-02,9098.27,274.36258243
2018-02-03,8852.73,146.92776937
2018-02-04,9224.62,111.31669812
2018-02-05,8202.06,173.7675019
2018-02-06,6925.46,164.26998571
2018-02-07,7712.37,123.52109098
2018-02-08,7585.17,87.98500449
2018-02-09,8245.08,88.36425123
2018-02-10,8688.86,88.79565618
2018-02-11,8561.0,61.96458348
2018-02-12,8068.02,69.96971094
2018-02-13,8895.72,68.57325292
2018-02-14,8527.87,63.75846926
2018-02-15,9471.64,64.08005499
2018-02-16,10033.77,58.25713445
2018-02-17,10178.56,48.63875388
2018-02-18,11085.83,44.58328081
2018-02-19,10392.46,50.9081119
2018-02-20,11171.78,52.23072575
2018-02-21,11245.98,40.68256761
2018-02-22,10485.78,37.60222865
2018-02-23,9850.78,73.94810594
2018-02-24,10171.3,96.1076690499999
2018-02-25,9699.76,41.44060303
2018-02-26,9582.29,46.19035139
2018-02-27,10319.46,50.54578675
2018-02-28,10628.61,51.29908837
2018-03-01,10332.14,52.05574602
2018-03-02,10931.12,42.01376982
2018-03-03,11040.53,37.96379904
2018-03-04,11453.34,33.46586197
2018-03-05,11516.83,44.53138052
2018-03-06,11442.48,37.24003205
2018-03-07,10727.69,34.8377064
2018-03-08,9920.46,35.63080068
2018-03-09,9324.5,34.8459414
2018-03-10,9262.8,40.27322368
2018-03-11,8777.37,39.61038377
2018-03-12,9538.93,33.46783473
2018-03-13,9130.0,60.67628875
2018-03-14,9153.54,37.04036657
2018-03-15,8214.99,36.64624829
2018-03-16,8263.34,29.65177072
2018-03-17,8297.89,21.51541723
2018-03-18,7885.08,25.33293823
2018-03-19,8214.46,30.78064883
2018-03-20,8605.64,31.3790795
2018-03-21,8909.95,31.0252744
2018-03-22,8909.26,27.7247885
2018-03-23,8725.37,26.25767336
2018-03-24,8917.48,21.76498898
2018-03-25,8533.76,20.23147507
2018-03-26,8457.96,26.98506764
2018-03-27,8146.5,27.51028124
2018-03-28,7797.25,24.09273355
2018-03-29,7950.61,27.20122872
2018-03-30,7099.17,25.7646693
2018-03-31,6854.19,20.07447617
2018-04-01,6937.56,18.28180544
2018-04-02,6827.54,21.39248333
2018-04-03,7065.29,25.12929851
2018-04-04,7426.48,24.81899369
2018-04-05,6810.71,24.46293557
2018-04-06,6786.66,34.53138383
2018-04-07,6634.68,27.16559493
2018-04-08,6910.12,21.01734283
2018-04-09,7029.71,22.42407623
2018-04-10,6784.41,22.98846383
2018-04-11,6849.3,22.75353142
2018-04-12,6955.36,35.70920887
2018-04-13,7941.46,36.36336175
2018-04-14,7895.25,23.75939568
2018-04-15,8013.91,24.30501194
2018-04-16,8368.1,25.73063079
2018-04-17,8069.03,26.13707878
2018-04-18,7907.19,25.31797642
2018-04-19,8175.96,27.6722839
2018-04-20,8288.12,29.02296386
2018-04-21,8876.51,28.40590158
2018-04-22,8930.6,21.73949684
2018-04-23,8812.76,29.13376866
2018-04-24,8952.68,65.4108642
2018-04-25,9658.11,91.73241634
2018-04-26,8870.14,67.58831497
2018-04-27,9294.67,55.63050596
2018-04-28,8928.55,41.9470722
2018-04-29,9349.41,34.8862402
2018-04-30,9398.4,36.71911167
2018-05-01,9239.55,31.75790178
2018-05-02,9074.98,38.88684015
2018-05-03,9220.76,39.40065166
2018-05-04,9753.35,39.37853649
2018-05-05,9696.13,32.17831497
2018-05-06,9837.92,31.28195837
2018-05-07,9631.44,35.90014262
2018-05-08,9369.16,34.29413578
2018-05-09,9186.69,30.52956993
2018-05-10,9310.37,26.71177891
2018-05-11,9015.88,38.61210375
2018-05-12,8396.83,28.38834405
2018-05-13,8463.52,23.33858622
2018-05-14,8691.46,35.25774075
2018-05-15,8671.51,37.83474629
2018-05-16,8471.06,32.35890796
2018-05-17,8343.27,54.05727301
2018-05-18,8063.86,70.13995212
2018-05-19,8239.08,31.42390531
2018-05-20,8242.07,24.98915763
2018-05-21,8520.59,31.28915469
2018-05-22,8396.63,26.52413321
2018-05-23,7987.38,30.82025138
2018-05-24,7511.91,29.75362781
2018-05-25,7576.78,30.37696335
2018-05-26,7465.12,22.51408114
2018-05-27,7334.71,19.47089221
2018-05-28,7344.56,29.12400991
2018-05-29,7106.06,28.63684227
2018-05-30,7457.02,22.66213792
2018-05-31,7386.72,21.6541427
2018-06-01,7489.66,20.37476636
2018-06-02,7518.67,16.27842016
2018-06-03,7637.14,15.3074038
2018-06-04,7713.85,20.71075272
2018-06-05,7495.47,18.52827963
2018-06-06,7619.43,19.4579716
2018-06-07,7653.96,20.6699365
2018-06-08,7687.37,17.89042019
2018-06-09,7615.54,18.7073671
2018-06-10,7497.1,16.7009531
2018-06-11,6762.1,24.67101897
2018-06-12,6879.31,21.90653344
2018-06-13,6553.0,37.41423181
2018-06-14,6299.89,28.01723114
2018-06-15,6637.41,23.19453295
2018-06-16,6391.16,16.44224754
2018-06-17,6488.68,23.48902029
2018-06-18,6445.79,17.52291191
2018-06-19,6712.5,83.80865389
2018-06-20,6743.41,203.28532024
2018-06-21,6760.83,73.52012206
2018-06-22,6719.79,68.9368202
2018-06-23,6059.3,31.93798474
2018-06-24,6170.46,27.03085817
2018-06-25,6157.04,34.68013653
2018-06-26,6249.62,32.34384664
2018-06-27,6097.46,32.15886049
2018-06-28,6143.97,27.15925646
2018-06-29,5878.14,27.41063627
2018-06-30,6223.28,23.60409759
2018-07-01,6408.91,16.7928896
2018-07-02,6365.66,23.48063765
2018-07-03,6626.44,27.90259772
2018-07-04,6518.97,21.54452916
2018-07-05,6602.32,19.76600519
2018-07-06,6555.51,21.70281974
2018-07-07,6628.59,16.56969368
2018-07-08,6778.38,15.64479917
2018-07-09,6724.04,19.92606527
2018-07-10,6682.68,22.86071401
2018-07-11,6329.27,20.44250057
2018-07-12,6403.18,18.63321237
2018-07-13,6239.47,19.53514153
2018-07-14,6220.1,15.01264127
2018-07-15,6248.84,15.27821656
2018-07-16,6348.09,23.61292569
2018-07-17,6732.81,24.94209666
2018-07-18,7321.62,31.82668475
2018-07-19,7371.11,28.82741906
2018-07-20,7473.9,23.08779797
2018-07-21,7334.99,17.37819099
2018-07-22,7408.99,14.77231882
2018-07-23,7406.66,26.12072165
2018-07-24,7715.1,29.64295029
2018-07-25,8418.11,26.82417337
2018-07-26,8171.65,23.88022702
2018-07-27,7939.81,20.72404572
2018-07-28,8178.33,16.74880998
2018-07-29,8219.92,15.67077716
2018-07-30,8220.91,24.57789474
2018-07-31,8171.49,25.5829697
2018-08-01,7735.28,21.2832986
2018-08-02,7607.7,25.20903778
2018-08-03,7535.88,23.21487948
2018-08-04,7414.77,17.19453121
2018-08-05,7011.28,13.6299328
2018-08-06,7032.3,17.7504862
2018-08-07,6937.23,18.61533926
2018-08-08,6718.23,20.75086011
2018-08-09,6277.59,20.7502075
2018-08-10,6532.36,20.41451761
2018-08-11,6138.96,15.39050663
2018-08-12,6227.85,12.77525693
2018-08-13,6313.42,19.92080467
2018-08-14,6252.13,26.45582537
2018-08-15,6189.97,22.16329503
2018-08-16,6270.67,24.04769454
2018-08-17,6312.75,24.88424895
2018-08-18,6577.74,16.45331646
2018-08-19,6394.18,17.04586085
2018-08-20,6486.58,29.07233893
2018-08-21,6262.64,24.75227584
2018-08-22,6472.41,24.27418043
2018-08-23,6354.57,19.30837036
2018-08-24,6525.96,19.15356329
2018-08-25,6691.39,21.06312548
2018-08-26,6738.27,27.80300602
2018-08-27,6707.96,32.65580356
2018-08-28,6901.26,45.21346372
2018-08-29,7078.19,23.64752291
2018-08-30,7032.13,24.10101603
2018-08-31,6986.54,25.25628116
2018-09-01,7018.78,19.2117222
2018-09-02,7197.43,16.3033171
2018-09-03,7291.84,19.91598267
2018-09-04,7265.08,24.1065379
2018-09-05,7359.19,31.82732747
2018-09-06,6695.32,31.29006024
2018-09-07,6501.19,27.92194982
2018-09-08,6399.85,18.81937591
2018-09-09,6184.06,18.37028897
2018-09-10,6240.98,19.97514305
2018-09-11,6306.59,23.27470384
2018-09-12,6283.54,23.91441308
2018-09-13,6326.04,20.29803773
2018-09-14,6479.6,21.21893106
2018-09-15,6487.12,15.69995673
2018-09-16,6522.39,13.07015213
2018-09-17,6497.37,17.45767671
2018-09-18,6253.99,19.01368472
2018-09-19,6342.39,17.09335521
2018-09-20,6389.3,18.26192982
2018-09-21,6496.02,25.61259462
2018-09-22,6756.12,18.65597145
2018-09-23,6718.7,14.47737832
2018-09-24,6705.66,15.50844294
2018-09-25,6583.45,20.31737127
2018-09-26,6432.71,20.1338664
2018-09-27,6459.35,23.65350638
2018-09-28,6686.08,28.91825487
2018-09-29,6628.66,19.10685859
2018-09-30,6592.64,15.42794706
2018-10-01,6611.02,21.82334691
2018-10-02,6586.58,25.72269107
2018-10-03,6521.31,21.36448501
2018-10-04,6483.73,18.70916379
2018-10-05,6568.14,21.33672301
2018-10-06,6620.63,17.57876392
2018-10-07,6573.62,13.06671747
2018-10-08,6588.93,16.79599849
2018-10-09,6641.33,16.66631934
2018-10-10,6626.85,15.6339373
2018-10-11,6581.07,18.4172056
2018-10-12,6207.79,18.44585713
2018-10-13,6247.0,13.28476496
2018-10-14,6265.9,12.41784997
2018-10-15,6265.16,23.09602031
2018-10-16,6599.17,19.31942675
2018-10-17,6616.45,18.8500803
2018-10-18,6595.51,18.05926167
2018-10-19,6509.61,17.65876226
2018-10-20,6463.58,14.32509812
2018-10-21,6504.92,12.46404029
2018-10-22,6504.78,16.6995118
2018-10-23,6493.89,16.58331992
2018-10-24,6476.85,16.94168952
2018-10-25,6489.77,17.53993992
2018-10-26,6466.29,17.91509911
2018-10-27,6472.17,13.09651959
2018-10-28,6457.21,16.5139359
2018-10-29,6449.37,19.6041759
2018-10-30,6307.51,18.77140942
2018-10-31,6301.61,16.65229276
2018-11-01,6338.78,17.45938887
2018-11-02,6373.08,18.32471846
2018-11-03,6390.42,13.59185156
2018-11-04,6361.3,13.10219385
2018-11-05,6454.0,18.42231881
2018-11-06,6437.76,19.18392815
2018-11-07,6477.84,20.33841084
2018-11-08,6536.83,20.99890399
2018-11-09,6444.97,22.42896582
2018-11-10,6377.4,16.64920253
2018-11-11,6388.46,14.13978687
2018-11-12,6408.53,19.17199757
2018-11-13,6384.75,18.07251239
2018-11-14,6358.25,25.82337117
2018-11-15,5756.77,38.65118054
2018-11-16,5658.73,36.92729384
2018-11-17,5592.58,21.55099415
2018-11-18,5572.44,18.03746701
2018-11-19,5616.29,39.9694861
2018-11-20,4848.78,69.36765011
2018-11-21,4491.98,49.95016009
2018-11-22,4616.44,39.13421764
2018-11-23,4312.31,36.98433712
2018-11-24,4352.98,31.17997638
2018-11-25,3862.01,32.01112732
2018-11-26,4010.72,38.27901151
2018-11-27,3793.35,37.38312649
2018-11-28,3828.45,38.73742361
2018-11-29,4256.55,45.07238045
2018-11-30,4278.77,40.77812171
2018-12-01,4013.52,31.11731237
2018-12-02,4188.09,23.24535308
2018-12-03,4140.6,31.12664818
2018-12-04,3894.21,31.50009203
2018-12-05,3956.94,26.31110179
2018-12-06,3744.98,28.47570217
2018-12-07,3484.94,31.19535557
2018-12-08,3425.69,19.7523634
2018-12-09,3453.66,16.83358837
2018-12-10,3588.44,22.97283382
2018-12-11,3472.98,23.31901099
2018-12-12,3407.28,22.35779149
2018-12-13,3487.73,22.08826418
2018-12-14,3308.11,25.09538231
2018-12-15,3242.42,18.37318136
2018-12-16,3231.91,14.84875261
2018-12-17,3246.64,20.97551137
2018-12-18,3556.54,26.57834854
2018-12-19,3714.09,32.92958464
2018-12-20,3734.55,27.62806589
2018-12-21,4135.19,30.95900116
2018-12-22,3899.83,18.77646281
2018-12-23,4031.85,15.44952443
2018-12-24,3995.17,23.01715097
2018-12-25,4075.15,18.28673875
2018-12-26,3821.52,16.22660938
2018-12-27,3848.21,16.91659845
2018-12-28,3638.9,17.97068908
2018-12-29,3923.19,15.31251107
2018-12-30,3770.36,13.91108006
2018-12-31,3865.26,15.90842885
2019-01-01,3737.91,11.22870449
2019-01-02,3855.88,18.0404076
2019-01-03,3931.31,19.1678382
2019-01-04,3822.87,19.57925017
2019-01-05,3856.62,12.27107591
2019-01-06,3831.94,16.59508434
2019-01-07,4071.77,23.87585077
2019-01-08,4032.25,20.94683492
2019-01-09,4020.97,24.16978699
2019-01-10,4016.92,25.84515048
2019-01-11,3646.25,24.25918558
2019-01-12,3656.9,17.12273992
2019-01-13,3637.31,14.17709438
2019-01-14,3531.96,19.99425343
2019-01-15,3682.48,21.20358949
2019-01-16,3600.16,25.07927963
2019-01-17,3621.43,23.48759589
2019-01-18,3658.41,20.91797749
2019-01-19,3625.73,17.57732062
2019-01-20,3703.98,14.42266508
2019-01-21,3548.98,19.91907516
2019-01-22,3540.02,20.9003654
2019-01-23,3587.35,22.67278096
2019-01-24,3566.4,22.98899396
2019-01-25,3586.25,24.82339222
2019-01-26,3577.79,19.8801991
2019-01-27,3576.3,15.90784813
2019-01-28,3554.5,24.16321392
2019-01-29,3448.58,23.14980149
2019-01-30,3421.6,21.22346169
2019-01-31,3470.0,29.03627429
2019-02-01,3444.81,33.11076701
2019-02-02,3475.33,18.92618462
2019-02-03,3506.22,14.74322284
2019-02-04,3456.02,17.08811248
2019-02-05,3452.35,17.21081291
2019-02-06,3467.34,21.79051765
2019-02-07,3405.7,16.74141122
2019-02-08,3394.76,20.91053599
2019-02-09,3661.08,17.75264078
2019-02-10,3664.38,13.62075475
2019-02-11,3686.29,23.13798165
2019-02-12,3629.47,34.31602175
2019-02-13,3632.42,35.63755618
2019-02-14,3614.5,26.180398
2019-02-15,3600.31,26.46547377
2019-02-16,3608.2,22.36572171
2019-02-17,3619.55,19.17235936
2019-02-18,3670.74,29.40410079
2019-02-19,3910.8,36.59295015
2019-02-20,3926.53,37.76184521
2019-02-21,3987.18,34.71560858
2019-02-22,3944.88,39.01280561
2019-02-23,3983.48,25.43940867
2019-02-24,4139.6,29.55542146
2019-02-25,3766.89,38.85345862
2019-02-26,3848.33,35.84517142
2019-02-27,3831.45,32.66318415
2019-02-28,3833.23,30.29594178
2019-03-01,3850.08,30.48611973
2019-03-02,3834.62,25.32153705
2019-03-03,3831.44,21.38429981
2019-03-04,3814.58,28.45991569
2019-03-05,3730.98,29.02363002
2019-03-06,3872.25,38.43684345
2019-03-07,3876.85,38.15885184
2019-03-08,3886.82,34.53420729
2019-03-09,3875.96,24.54420613
2019-03-10,3950.56,19.08668276
2019-03-11,3928.17,30.82179358
2019-03-12,3881.09,31.50427651
2019-03-13,3892.51,36.04315035
2019-03-14,3877.77,37.56437664
2019-03-15,3885.21,31.12448995
2019-03-16,3936.5,22.36301366
2019-03-17,4015.95,16.78071195
2019-03-18,3994.92,22.37480548
2019-03-19,3998.77,22.30871865
2019-03-20,4029.11,27.1997923
2019-03-21,4056.4,35.53040752
2019-03-22,3992.34,27.14701994
2019-03-23,3999.06,17.94886278
2019-03-24,4011.92,15.67630252
2019-03-25,3994.11,29.20096219
2019-03-26,3935.89,36.41495629
2019-03-27,3947.74,48.02051729
2019-03-28,4048.51,47.81690988
2019-03-29,4037.37,63.48208552
2019-03-30,4115.55,54.67372903
2019-03-31,4114.44,44.61425508
2019-04-01,4114.16,61.8467373
2019-04-02,4152.53,114.48978878
2019-04-03,4882.88,142.10298824
2019-04-04,4959.81,154.4635303
2019-04-05,4911.24,114.82307281
2019-04-06,5028.77,80.84759712
2019-04-07,5053.52,85.51644481
2019-04-08,5189.39,130.54444043
2019-04-09,5268.71,114.92556114
2019-04-10,5175.81,111.78539463
2019-04-11,5310.18,115.28509796
2019-04-12,5035.02,100.56571481
2019-04-13,5072.85,66.22119369
2019-04-14,5064.62,57.42373876
2019-04-15,5152.51,78.96972247
2019-04-16,5036.18,76.56869368
2019-04-17,5196.65,77.1498090499999
2019-04-18,5220.37,72.4195866
2019-04-19,5276.31,78.43301725
2019-04-20,5277.04,58.09103814
2019-04-21,5309.28,50.31279868
2019-04-22,5281.83,70.12693315
2019-04-23,5377.19,96.48121035
2019-04-24,5518.16,130.67492641
2019-04-25,5434.19,94.30087588
2019-04-26,5195.61,91.4474489900001
2019-04-27,5292.83,54.42092725
2019-04-28,5280.19,47.95393039
2019-04-29,5301.29,70.95469952
2019-04-30,5260.65,85.48463465
2019-05-01,5269.79,65.62521893
2019-05-02,5326.67,64.71081505
2019-05-03,5390.16,81.27225085
2019-05-04,5657.14,60.62915441
2019-05-05,5771.08,62.87230397
2019-05-06,5717.66,76.31168717
2019-05-07,5684.47,92.31932906
2019-05-08,5755.72,112.30765219
2019-05-09,5936.72,106.95654809
2019-05-10,6146.91,123.74361638
2019-05-11,6348.02,125.12338209
2019-05-12,7248.31,104.08015488
2019-05-13,6978.63,112.20050336
2019-05-14,7823.11,132.68789564
2019-05-15,7992.69,192.3590738
2019-05-16,8206.9,228.51579452
2019-05-17,7885.96,227.26659937
2019-05-18,7362.22,134.78731749
2019-05-19,7265.05,125.66729304
2019-05-20,8193.7,186.09991132
2019-05-21,8007.03,202.4814146
2019-05-22,7952.5,176.73831345
2019-05-23,7625.93,163.9629164
2019-05-24,7880.29,191.88316682
2019-05-25,8003.26,128.11880175
2019-05-26,8071.45,95.8861389799999
2019-05-27,8744.42,189.31338885
2019-05-28,8770.06,192.95031406
2019-05-29,8719.88,187.08362645
2019-05-30,8662.98,188.20649317
2019-05-31,8272.46,205.0372363
2019-06-01,8553.81,159.42190914
2019-06-02,8554.8,118.4455402
2019-06-03,8739.03,198.99326951
2019-06-04,8134.92,217.91296317
2019-06-05,7675.8,159.42665516
2019-06-06,7786.04,122.18994068
2019-06-07,7803.23,106.492469
2019-06-08,7998.29,73.36472651
2019-06-09,7931.34,62.99063806
2019-06-10,7640.61,101.83001618
2019-06-11,8020.38,110.58719487
2019-06-12,7917.58,108.86976113
2019-06-13,8173.06,109.4551359
2019-06-14,8237.88,117.94954717
2019-06-15,8693.6,78.70156593
2019-06-16,8859.47,74.36012488
2019-06-17,8978.99,117.79979394
2019-06-18,9327.48,116.53825829
2019-06-19,9076.18,105.75494722
2019-06-20,9281.7,111.81603852
2019-06-21,9531.35,126.23246862
2019-06-22,10209.38,122.47914731
2019-06-23,10668.63,81.2353110700001
2019-06-24,10814.48,102.09827261
2019-06-25,11017.5,121.10744515
2019-06-26,11766.4,184.06503874
2019-06-27,12932.55,200.10125128
2019-06-28,11132.85,182.26443511
2019-06-29,12374.35,108.7659755
2019-06-30,11890.38,104.91860437
2019-07-01,10737.73,126.93823662
2019-07-02,10578.72,117.88960184
2019-07-03,10805.4,94.74754649
2019-07-04,11984.76,83.8420840199999
2019-07-05,11160.49,75.89684282
2019-07-06,10955.16,50.61747346
2019-07-07,11232.04,45.61655545
2019-07-08,11477.01,67.46056127
2019-07-09,12313.08,71.27502267
2019-07-10,12586.78,85.64297124
2019-07-11,12099.9,79.3666746
2019-07-12,11352.87,67.42668665
2019-07-13,11803.97,44.38220922
2019-07-14,11389.1,40.72985688
2019-07-15,10186.96,63.9174649
2019-07-16,10873.5,62.69846283
2019-07-17,9397.72,64.50187448
2019-07-18,9674.28,72.10541604
2019-07-19,10638.56,71.10278562
2019-07-20,10535.75,50.04991704
2019-07-21,10764.9,37.55119006
2019-07-22,10587.41,53.88043597
2019-07-23,10323.62,51.72742398
2019-07-24,9844.3,49.90886061
2019-07-25,9772.17,56.16150579
2019-07-26,9875.17,46.51899261
2019-07-27,9848.65,33.04147241
2019-07-28,9473.99,26.46571032
2019-07-29,9530.0,39.74585484
2019-07-30,9501.33,60.22741784
2019-07-31,9589.13,53.61582214
2019-08-01,10084.7,46.73246753
2019-08-02,10407.17,44.68839341
2019-08-03,10529.55,27.47791508
2019-08-04,10814.57,19.72213176
2019-08-05,10980.23,42.2581814
2019-08-06,11787.99,45.80524692
2019-08-07,11465.67,70.8269651
2019-08-08,11960.82,70.35974254
2019-08-09,11996.41,65.33402972
2019-08-10,11856.64,39.69033865
2019-08-11,11282.22,30.3457089
2019-08-12,11566.84,50.54359801
2019-08-13,11386.26,75.09047834
2019-08-14,10858.12,58.70170397
2019-08-15,10016.96,53.84796972
2019-08-16,10302.17,51.3352604
2019-08-17,10359.44,35.38250195
2019-08-18,10214.52,29.17234292
2019-08-19,10317.6,41.66948045
2019-08-20,10917.26,46.69008955
2019-08-21,10760.56,52.22587338
2019-08-22,10129.4,53.99879943
2019-08-23,10111.98,41.47394501
2019-08-24,10405.81,30.09100724
2019-08-25,10143.8,21.57904241
2019-08-26,10135.06,33.17030815
2019-08-27,10360.28,33.98335977
2019-08-28,10171.95,33.87031855
2019-08-29,9717.82,33.917443
2019-08-30,9484.55,34.46053373
2019-08-31,9577.99,24.03741901
2019-09-01,9600.9,20.06226895
2019-09-02,9769.79,28.76124703
2019-09-03,10386.64,38.97833529
2019-09-04,10621.29,37.34474772
2019-09-05,10584.16,36.69293406
2019-09-06,10577.8,37.39638382
2019-09-07,10317.47,26.71813665
2019-09-08,10487.21,21.74727421
2019-09-09,10406.31,32.71159075
2019-09-10,10313.66,37.34868133
2019-09-11,10101.03,34.77775666
2019-09-12,10159.32,29.51206759
2019-09-13,10420.16,27.54043167
2019-09-14,10363.9,21.0247188
2019-09-15,10361.33,18.2430038
2019-09-16,10310.43,29.25867219
2019-09-17,10265.63,34.64137449
2019-09-18,10190.36,34.12588668
2019-09-19,10157.59,36.54501485
2019-09-20,10275.88,32.03804814
2019-09-21,10173.11,23.40048063
2019-09-22,9979.49,20.52728871
2019-09-23,10033.05,32.19540269
2019-09-24,9683.38,38.46150022
2019-09-25,8553.61,42.82475804
2019-09-26,8432.23,32.64172934
2019-09-27,8055.64,34.26327785
2019-09-28,8193.9,23.16487157
2019-09-29,8225.0,21.00156166
2019-09-30,8056.74,41.0132903
2019-10-01,8307.74,48.26497357
2019-10-02,8322.92,37.20021491
2019-10-03,8382.03,37.88399226
2019-10-04,8236.17,27.80367596
2019-10-05,8155.48,19.14811395
2019-10-06,8147.69,16.49098962
2019-10-07,7869.74,24.7041595
2019-10-08,8212.02,27.65920023
2019-10-09,8190.0,30.36615188
2019-10-10,8587.92,33.46657648
2019-10-11,8586.9,27.83013723
2019-10-12,8269.73,20.76242438
2019-10-13,8308.01,16.18085575
2019-10-14,8283.76,23.82030921
2019-10-15,8353.54,25.89458072
2019-10-16,8162.16,29.13647841
2019-10-17,8002.51,25.40381954
2019-10-18,8076.78,24.94346328
2019-10-19,7954.15,18.30723571
2019-10-20,7960.04,15.84344804
2019-10-21,8231.06,20.63255238
2019-10-22,8222.52,22.21592037
2019-10-23,8026.76,31.07041069
2019-10-24,7469.56,28.9599249
2019-10-25,7431.88,36.08670023
2019-10-26,8666.79,47.8563533
2019-10-27,9259.8,33.97050101
2019-10-28,9551.54,37.98415405
2019-10-29,9218.76,35.47022733
2019-10-30,9433.35,33.65141019
2019-10-31,9164.62,35.46517509
2019-11-01,9147.98,40.18774408
2019-11-02,9252.99,27.69024942
2019-11-03,9301.18,26.0661656
2019-11-04,9206.16,48.28785176
2019-11-05,9418.05,43.73232482
2019-11-06,9310.19,38.66539842
2019-11-07,9343.34,39.73640604
2019-11-08,9204.24,40.88879104
2019-11-09,8766.04,29.44260954
2019-11-10,8809.41,23.86642196
2019-11-11,9037.12,29.56238739
2019-11-12,8717.81,28.65525709
2019-11-13,8801.52,34.31516352
2019-11-14,8762.42,29.64079727
2019-11-15,8632.32,29.64859081
2019-11-16,8457.69,22.93336843
2019-11-17,8482.7,21.08122965
2019-11-18,8503.93,27.82718296
2019-11-19,8175.99,34.36839889
2019-11-20,8120.8,27.36373955
2019-11-21,8081.81,36.85944226
2019-11-22,7617.07,40.02095823
2019-11-23,7286.35,21.5480276
2019-11-24,7324.03,17.0147224
2019-11-25,6907.4,32.18493307
2019-11-26,7130.25,39.86894065
2019-11-27,7163.63,33.86031284
2019-11-28,7523.83,26.17198877
2019-11-29,7431.0,32.70649438
2019-11-30,7757.47,27.23029381
2019-12-01,7557.72,21.90876399
2019-12-02,7402.69,26.09108998
2019-12-03,7309.59,25.47734062
2019-12-04,7296.77,29.54553925
2019-12-05,7192.85,23.24165709
2019-12-06,7395.97,25.03292648
2019-12-07,7547.19,18.05659965
2019-12-08,7504.83,14.5034802
2019-12-09,7522.39,21.82070486
2019-12-10,7337.42,23.22218997
2019-12-11,7220.76,24.60426083
2019-12-12,7202.31,22.56385567
2019-12-13,7189.16,22.4711631
2019-12-14,7251.87,15.36404462
2019-12-15,7067.74,20.4478166
2019-12-16,7111.14,22.16325645
2019-12-17,6879.54,22.92717755
2019-12-18,6612.12,27.48314294
2019-12-19,7284.29,28.71547007
2019-12-20,7150.86,25.47719556
2019-12-21,7190.17,16.60936724
2019-12-22,7143.2,12.80407837
2019-12-23,7514.41,18.87107421
2019-12-24,7322.08,17.60848203
2019-12-25,7250.69,13.13196764
2019-12-26,7192.72,18.91209694
2019-12-27,7194.4,17.11633792
2019-12-28,7243.93,13.80390964
2019-12-29,7301.07,12.6092473
2019-12-30,7385.36,15.90283263
2019-12-31,7219.6,14.84211896
2020-01-01,7168.31,9.97099973
2020-01-02,7175.68,13.78084459
2020-01-03,6944.33,16.38979535
2020-01-04,7326.35,12.31216518
2020-01-05,7347.89,11.88711242
2020-01-06,7351.57,20.49312376
2020-01-07,7759.24,25.56190656
2020-01-08,8165.47,30.83081053
2020-01-09,8042.65,29.78119837
2020-01-10,7817.92,32.5651343
2020-01-11,8184.66,18.38352814
2020-01-12,8021.49,14.53164303
2020-01-13,8173.97,17.63102526
2020-01-14,8105.24,26.221577
2020-01-15,8842.42,31.35812937
2020-01-16,8813.89,23.85247351
2020-01-17,8722.03,24.29323765
2020-01-18,8900.34,17.76555017
2020-01-19,8910.85,16.5175935
2020-01-20,8703.36,17.74334005
2020-01-21,8626.47,20.51905021
2020-01-22,8722.26,21.67952284
2020-01-23,8658.94,21.03754657
2020-01-24,8388.11,16.10082373
2020-01-25,8428.17,11.39326294
2020-01-26,8327.36,10.57299079
2020-01-27,8588.42,19.78717492
2020-01-28,8895.78,22.98737848
2020-01-29,9385.69,20.42515898
2020-01-30,9279.81,19.64580869
2020-01-31,9502.37,22.53135857
2020-02-01,9333.77,17.4815999
2020-02-02,9378.09,16.94878932
2020-02-03,9314.56,21.53312454
2020-02-04,9284.51,23.74587464
2020-02-05,9162.14,25.44140813
2020-02-06,9614.9,27.10635364
2020-02-07,9755.66,31.51759356
2020-02-08,9807.54,21.33690612
2020-02-09,9907.12,19.8217869
2020-02-10,10162.41,27.58066679
2020-02-11,9854.79,34.77248558
2020-02-12,10275.38,37.39850183
2020-02-13,10354.3,35.47858608
2020-02-14,10242.43,32.17258486
2020-02-15,10368.53,28.54821404
2020-02-16,9904.17,21.59936997
2020-02-17,9937.67,25.29770103
2020-02-18,9703.93,30.12812537
2020-02-19,10180.65,31.4285617
2020-02-20,9604.72,27.79666259
2020-02-21,9606.86,23.54449483
2020-02-22,9696.58,18.32436669
2020-02-23,9669.63,16.62073804
2020-02-24,9989.39,22.9242627
2020-02-25,9663.75,24.54482939
2020-02-26,9309.15,29.29911468
2020-02-27,8785.52,26.95964399
2020-02-28,8804.72,26.28258744
2020-02-29,8712.35,18.50395585
2020-03-01,8531.42,14.44661165
2020-03-02,8534.17,22.93901727
2020-03-03,8912.82,24.71643759
2020-03-04,8754.34,24.25737051
2020-03-05,8758.9,24.37165686
2020-03-06,9067.39,26.63263902
2020-03-07,9155.89,18.53853474
2020-03-08,8898.63,16.14238732
2020-03-09,8039.38,25.61204951
2020-03-10,7931.94,27.9412801
2020-03-11,7885.46,29.56150425
2020-03-12,7936.65,59.16829292
2020-03-13,4830.21,84.31311198
2020-03-14,5609.03,52.86649863
2020-03-15,5166.26,44.30830399
2020-03-16,5348.44,61.56626918
2020-03-17,5026.35,62.25196409
2020-03-18,5357.61,58.77164193
2020-03-19,5410.23,68.45700527
2020-03-20,6195.2,79.98994299
2020-03-21,6226.44,47.08077798
2020-03-22,6189.85,33.34176341
2020-03-23,5822.62,51.42451024
2020-03-24,6502.16,44.74357832
2020-03-25,6768.49,45.40177404
2020-03-26,6698.46,55.05597495
2020-03-27,6763.75,41.578544
2020-03-28,6369.09,28.81999627
2020-03-29,6260.95,21.0619088
2020-03-30,5885.41,26.24289384
2020-03-31,6405.29,29.06116194
2020-04-01,6428.28,26.74327122
2020-04-02,6652.87,25.01439071
2020-04-03,6809.11,25.82618528
2020-04-04,6741.67,16.67009774
2020-04-05,6871.69,13.64940917
2020-04-06,6777.44,20.99212028
2020-04-07,7343.2,25.32409774
2020-04-08,7205.55,22.6627845
2020-04-09,7365.03,23.29595386
2020-04-10,7293.69,20.78686915
2020-04-11,6873.24,13.75253175
2020-04-12,6891.6,12.86445785
2020-04-13,6915.37,16.74379536
2020-04-14,6857.66,22.46964436
2020-04-15,6871.95,26.54420742
2020-04-16,6623.8,28.64066108
2020-04-17,7112.27,25.54078133
2020-04-18,7034.89,19.2635742
2020-04-19,7259.36,15.56965781
2020-04-20,7130.04,21.97670283
2020-04-21,6840.24,23.37622201
2020-04-22,6852.52,25.3733028
2020-04-23,7130.99,41.12345331
2020-04-24,7477.6,37.06157042
2020-04-25,7507.08,27.81417372
2020-04-26,7549.52,20.75041249
2020-04-27,7699.27,28.0798915
2020-04-28,7790.66,27.79591192
2020-04-29,7765.33,51.72660237
2020-04-30,8777.63,106.67585999
2020-05-01,8628.77,110.19665812
2020-05-02,8824.66,68.24207768
2020-05-03,8973.82,57.28031251
2020-05-04,8903.95,67.05887239
2020-05-05,8885.93,71.89874272
2020-05-06,9030.96,68.53849328
2020-05-07,9170.79,88.31823092
2020-05-08,10002.48,104.101785
2020-05-09,9821.8,87.06031277
2020-05-10,9527.39,63.27358086
2020-05-11,8754.46,88.60442418
2020-05-12,8617.25,109.81191323
2020-05-13,8814.53,108.86188214
2020-05-14,9305.93,145.59263376
2020-05-15,9790.31,161.77900478
2020-05-16,9303.59,108.31654619
2020-05-17,9385.7,100.65014834
2020-05-18,9669.4,163.90960993
2020-05-19,9719.37,182.34876244
2020-05-20,9785.74,192.28599464
2020-05-21,9510.67,201.49979488
2020-05-22,9057.57,158.63953474
2020-05-23,9167.26,108.03281588
2020-05-24,9178.32,73.43623594
2020-05-25,8730.73,92.3763056
2020-05-26,8899.66,80.47442225
2020-05-27,8842.85,77.89905605
2020-05-28,9197.54,88.34237133
2020-05-29,9569.21,94.10951218
2020-05-30,9425.98,68.4324487
2020-05-31,9698.1,61.02644621
2020-06-01,9450.84,79.73065264
2020-06-02,10204.23,97.92708045
2020-06-03,9525.57,82.16455447
2020-06-04,9658.04,62.37744471
2020-06-05,9794.56,55.99573563
2020-06-06,9623.75,31.92632001
2020-06-07,9670.43,26.32906276
2020-06-08,9753.85,41.72247948
2020-06-09,9782.59,35.1746286
2020-06-10,9775.15,38.3855245
2020-06-11,9892.13,38.59236598
2020-06-12,9286.42,29.91881048
2020-06-13,9459.97,21.0833426
2020-06-14,9473.5,16.29688827
2020-06-15,9330.07,34.18315891
2020-06-16,9426.7,50.59742513
2020-06-17,9526.0,47.79264099
2020-06-18,9454.81,44.77971256
2020-06-19,9380.03,49.57769703
2020-06-20,9300.15,30.01002493
2020-06-21,9357.43,24.97941736
2020-06-22,9284.78,36.15947427
2020-06-23,9691.9,45.81049682
2020-06-24,9621.49,42.3573449
2020-06-25,9276.58,40.08334016
2020-06-26,9240.85,34.04227231
2020-06-27,9154.45,23.40413949
2020-06-28,9004.23,19.69907106
2020-06-29,9127.47,33.39475024
2020-06-30,9185.35,42.97241908
2020-07-01,9133.97,62.82571084
2020-07-02,9236.38,56.01403666
2020-07-03,9087.98,53.7862554100001
2020-07-04,9072.42,31.87048128
2020-07-05,9131.31,25.1095593
2020-07-06,9089.09,36.90829526
2020-07-07,9348.91,40.72918894
2020-07-08,9256.23,47.68607406
2020-07-09,9440.07,55.08128328
2020-07-10,9238.04,48.41811415
2020-07-11,9287.4,32.6994024
2020-07-12,9235.96,24.5852307
2020-07-13,9295.9,40.91827816
2020-07-14,9238.13,62.95443097
2020-07-15,9254.52,64.32008944
2020-07-16,9193.51,78.15856789
2020-07-17,9131.0,77.30576136
2020-07-18,9154.19,76.31263773
2020-07-19,9174.71,45.96803343
2020-07-20,9214.66,78.58857188
2020-07-21,9163.87,102.28349837
2020-07-22,9392.66,143.27483781
2020-07-23,9537.4,135.00696882
2020-07-24,9613.11,124.38037589
2020-07-25,9551.28,89.04999864
2020-07-26,9707.5,76.48811017
2020-07-27,9938.83,121.12370183
2020-07-28,11042.4,187.57139032
2020-07-29,10934.94,174.64034253
2020-07-30,11102.67,179.95866069
2020-07-31,11114.93,171.64760126
2020-08-01,11343.88,128.24563386
2020-08-02,11823.69,106.63995761
2020-08-03,11077.77,130.16320882
2020-08-04,11242.57,111.40338573
2020-08-05,11194.25,136.17255821
2020-08-06,11750.28,196.22049311
2020-08-07,11772.94,137.20910291
2020-08-08,11605.6,78.94533308
2020-08-09,11767.6,62.66871355
2020-08-10,11684.06,133.6661337
2020-08-11,11893.03,151.68404592
2020-08-12,11392.43,125.0328247
2020-08-13,11573.11,109.0639238
2020-08-14,11777.43,106.55290555
2020-08-15,11774.38,67.51446166
2020-08-16,11873.98,60.46191905
2020-08-17,11914.01,81.70844023
2020-08-18,12293.72,158.12712801
2020-08-19,11969.53,147.58221747
2020-08-20,11734.0,130.64720271000004
2020-08-21,11865.82,136.10850768000006
2020-08-22,11522.8,93.50701843000004
2020-08-23,11683.44,59.10621225
2020-08-24,11653.02,78.44959878000006
2020-08-25,11763.93,90.01229804
2020-08-26,11337.4,108.47218762
2020-08-27,11467.37,122.89984729
2020-08-28,11302.01,103.33520898
2020-08-29,11534.75,65.85247621999999
2020-08-30,11481.64,64.10535846999996
2020-08-31,11707.78,91.53783350000002
2020-09-01,11659.57,125.93549408999998
2020-09-02,11923.25,127.52455508999998
2020-09-03,11397.44,134.31577789
2020-09-04,10187.51,155.46345969000004
2020-09-05,10467.89,119.88963774000008
2020-09-06,10159.62,70.73717940000002
2020-09-07,10254.93,96.71790986000002
2020-09-08,10367.74,84.06185256999996
2020-09-09,10121.52,89.19580010999998
2020-09-10,10227.83,110.38966361000008
2020-09-11,10352.66,95.16710292000002
2020-09-12,10395.44,58.11575528999997
2020-09-13,10446.44,49.081379420000005
2020-09-14,10330.77,75.47210429
2020-09-15,10674.64,77.13367663000002
2020-09-16,10785.62,77.67308339000006
2020-09-17,10948.43,70.95057486999995
2020-09-18,10943.89,69.41040706999999
2020-09-19,10931.79,47.55137105000001
2020-09-20,11081.43,33.00982992
2020-09-21,10919.65,61.30821173000001
2020-09-22,10430.46,74.17250504999998
2020-09-23,10532.22,96.11641422000002
2020-09-24,10234.48,82.50485829000002
2020-09-25,10732.43,77.16010813000001
2020-09-26,10692.84,41.57235669999999
2020-09-27,10732.4,37.58516078999999
2020-09-28,10774.24,56.72923702999997
2020-09-29,10692.33,82.97491039999994
2020-09-30,10840.8,95.01594655000004
2020-10-01,10777.92,102.03192868999996
2020-10-02,10619.24,122.51219145000005
2020-10-03,10575.06,71.90619457999998
2020-10-04,10551.77,55.83182413000002
2020-10-05,10673.46,98.28262979000002
2020-10-06,10788.56,113.31139879999998
2020-10-07,10603.74,111.1733047600001
2020-10-08,10670.8,103.13964018
2020-10-09,10923.3,110.78393285999996
2020-10-10,11063.19,75.84989664999998
2020-10-11,11302.67,51.2299918
2020-10-12,11376.61,74.84694551000003
2020-10-13,11540.04,74.07427083999998
2020-10-14,11428.24,73.04920249999999
2020-10-15,11431.32,78.27808304999999
2020-10-16,11503.73,64.14460305999998
2020-10-17,11327.57,35.43446587000001
2020-10-18,11366.51,36.45097174999999
2020-10-19,11508.2,50.56863160000001
2020-10-20,11758.16,76.74220969999998
2020-10-21,11925.46,116.64309348999998
2020-10-22,12831.56,166.97812487000004
2020-10-23,12990.25,144.01814194000008
2020-10-24,12944.52,93.84222181
2020-10-25,13128.46,65.2647025
2020-10-26,13036.77,111.29083665
2020-10-27,13076.37,192.2352046699999
2020-10-28,13651.47,226.6621481500001
2020-10-29,13289.0,259.23173258999987
2020-10-30,13458.66,262.34694254
2020-10-31,13564.72,264.03799985
2020-11-01,13810.32,177.84284836
2020-11-02,13758.88,209.46858830999992
2020-11-03,13575.17,289.3099895599999
2020-11-04,14023.31,205.03254148999991
2020-11-05,14155.59,260.44440041
2020-11-06,15591.39,239.93433418
2020-11-07,15595.77,135.2343624300001
2020-11-08,14839.84,95.69061816999996
2020-11-09,15490.6,142.15849695
2020-11-10,15328.53,154.83732549999996
2020-11-11,15317.04,107.57878081
2020-11-12,15708.65,102.85022306000003
2020-11-13,16295.57,100.5666202
2020-11-14,16339.33,59.15558128999999
2020-11-15,16091.07,42.4333546
2020-11-16,15968.16,83.45770554999999
2020-11-17,16725.15,90.54129648
2020-11-18,17679.72,97.63868616000006
2020-11-19,17798.45,94.51871958000002
2020-11-20,17820.57,76.34988950000006
2020-11-21,18687.45,46.90621911
2020-11-22,18699.75,32.024584610000005
2020-11-23,18422.28,56.545846030000014
2020-11-24,18398.91,86.28199286
2020-11-25,19172.52,98.62265001
2020-11-26,18739.8,103.83357396999996
2020-11-27,17151.44,84.21494944000001
2020-11-28,17138.87,56.82028024999998
2020-11-29,17732.42,39.86594809000002
2020-11-30,18191.6,72.31782858999998
2020-12-01,19709.73,145.30838284999993
2020-12-02,18792.52,131.45675735999995
2020-12-03,19226.97,145.78926977000003
2020-12-04,19454.54,108.77416044999995
2020-12-05,18670.49,69.64763484000004
2020-12-06,19155.06,48.406415850000016
2020-12-07,19377.66,68.46050774999999
2020-12-08,19181.41,72.19048211999998
2020-12-09,18318.87,72.45729357
2020-12-10,18554.15,72.83286893999995
2020-12-11,18247.76,70.49629971999997
2020-12-12,18029.36,50.58835913000004
2020-12-13,18803.44,39.24154715
2020-12-14,19164.48,59.2358478
2020-12-15,19276.59,70.05172631
2020-12-16,19439.75,79.9044725
2020-12-17,21379.48,162.99271891000006
2020-12-18,22847.46,195.47135264000005
2020-12-19,23150.79,119.96753977000007
2020-12-20,23869.92,73.51491940000001
2020-12-21,23490.58,138.56269221999997
2020-12-22,22745.48,133.02681427
2020-12-23,23824.99,143.04461152000007
2020-12-24,23253.37,106.42944422000002
2020-12-25,23715.53,92.4849457699999
2020-12-26,24693.58,69.64322740999998
2020-12-27,26443.21,91.99329677999998
2020-12-28,26246.58,99.54006659
2020-12-29,27036.69,105.85291042999998
2020-12-30,27376.37,105.14390344000002
2020-12-31,28856.59,113.57123643000006
2021-01-01,28982.56,48.942701399999976
2021-01-02,29393.75,79.69906721999999
2021-01-03,32195.46,86.41999351999996
2021-01-04,33000.78,108.70503624999996
2021-01-05,32035.03,113.36586749000004
2021-01-06,34046.67,128.51898515
2021-01-07,36860.41,121.91274523000008
2021-01-08,39486.04,135.47417648000007
2021-01-09,40670.25,110.56125153
2021-01-10,40240.72,91.95258523
2021-01-11,38240.09,134.42653309999997
2021-01-12,35544.94,164.92133634000004
2021-01-13,34011.82,136.57891971
2021-01-14,37393.13,141.41282765999998
2021-01-15,39158.47,147.17314406
2021-01-16,36828.52,88.49193579
2021-01-17,36065.2,66.3108796
2021-01-18,35793.01,84.66625216
2021-01-19,36632.35,97.54256535
2021-01-20,36020.13,93.48057077
2021-01-21,35538.98,120.18381958999998
2021-01-22,30797.88,116.02452285
2021-01-23,33002.38,75.36109782999999
2021-01-24,32099.74,57.55604039999999
2021-01-25,32276.84,100.68549632
2021-01-26,32243.26,81.76242060999999
2021-01-27,32541.8,83.09629503000001
2021-01-28,30419.17,85.90021790999995
2021-01-29,33403.17,167.42570566999993
2021-01-30,34314.26,138.4634188
2021-01-31,34318.1,100.53987916000004
2021-02-01,33136.46,129.39809219000006
2021-02-02,33522.9,146.91963222000007
2021-02-03,35529.66,134.24070735
2021-02-04,37676.25,166.88621843
2021-02-05,37002.09,143.84104968000003
2021-02-06,38278.61,118.30299222999992
2021-02-07,39323.26,84.69085027000003
2021-02-08,38928.1,134.17229408
2021-02-09,46364.3,196.39438398000004
2021-02-10,46589.58,168.16327938999996
2021-02-11,44878.17,185.34915975
2021-02-12,48013.38,202.39953165999995
2021-02-13,47471.4,144.37461607000003
2021-02-14,47185.19,106.03576761000006
2021-02-15,48720.37,121.55584341000002
2021-02-16,47951.85,120.02466217
2021-02-17,49160.1,141.62327206999993
2021-02-18,52118.23,147.75229392
2021-02-19,51608.15,160.80575279999996
2021-02-20,55916.5,147.82061349000003
2021-02-21,56001.2,115.10198626000007
2021-02-22,57487.86,131.78857834999997
2021-02-23,54123.4,183.30218417
2021-02-24,48880.43,189.53161494000005
2021-02-25,50624.84,152.52733295999994
2021-02-26,46800.42,148.87842397
2021-02-27,46340.31,104.30956316000002
2021-02-28,46155.87,82.99643575
2021-03-01,45113.92,121.83630841000006
2021-03-02,49618.43,132.76436336000006
2021-03-03,48356.04,132.69783596999994
2021-03-04,50477.7,112.95743016999997
2021-03-05,48448.91,114.36391387
2021-03-06,48861.38,77.90309706999999
2021-03-07,48881.59,71.23039113000002
2021-03-08,51169.7,90.54725683000002
2021-03-09,52299.33,105.13713112
2021-03-10,54881.52,110.26473040999996
2021-03-11,55997.23,111.07819319
2021-03-12,57764.0,117.22083707000004
2021-03-13,57253.28,116.89588102999998
2021-03-14,61258.73,88.42522684000002
2021-03-15,59133.47,112.98540384
2021-03-16,55754.72,110.36520932000006
2021-03-17,56872.38,105.8511926
2021-03-18,58913.0,137.22857008999998
2021-03-19,57665.9,116.33945050000008
2021-03-20,58075.1,83.66084497999998
2021-03-21,58085.8,60.90613182999999
2021-03-22,57411.17,85.02318410000002
2021-03-23,54204.96,81.33063817999997
2021-03-24,54477.46,82.45079822999996
2021-03-25,52508.23,84.22598289000005
2021-03-26,51415.92,81.24149211999996
2021-03-27,55074.47,66.63131525
2021-03-28,55863.93,58.00161989999996
2021-03-29,55783.71,80.75259219
2021-03-30,57627.67,96.60277671
2021-03-31,58730.13,102.46134312999996
2021-04-01,58735.25,89.99745266000002
2021-04-02,58736.92,89.40831776999995
2021-04-03,59031.32,83.93886825
2021-04-04,57076.49,67.19630150000003
2021-04-05,58206.55,94.4570655
2021-04-06,59054.1,106.41402010000006
2021-04-07,58020.46,101.05042031999994
2021-04-08,55947.27,91.57954065
2021-04-09,58048.59,116.38720157000004
2021-04-10,58102.58,89.98797300999999
2021-04-11,59774.0,62.98652347
2021-04-12,59964.87,91.77267732999996
2021-04-13,59834.74,101.8297542
2021-04-14,63554.44,136.184935
2021-04-15,62969.12,155.28823581
2021-04-16,63252.63,140.32071554000004
2021-04-17,61455.98,163.57372065
2021-04-18,60087.09,214.730004
2021-04-19,56251.48,215.81663228
2021-04-20,55703.14,301.8282274699999
2021-04-21,56507.91,255.76779687
2021-04-22,53808.8,299.48661393
2021-04-23,51731.71,269.6867531700001
2021-04-24,51153.13,168.4008953499999
2021-04-25,50110.53,116.28734278999998
2021-04-26,49075.58,167.75160734
2021-04-27,54056.64,162.30784332000005
2021-04-28,55071.46,135.93910763999995
2021-04-29,54884.1,144.83508448
2021-04-30,53584.15,143.19592537000008
2021-05-01,57796.62,102.11686869999996
2021-05-02,57857.5,84.96037570000003
2021-05-03,56610.46,110.91693739
2021-05-04,57213.33,99.39665193
2021-05-05,53241.72,99.91162799000006
2021-05-06,57473.23,109.52051484
2021-05-07,56428.16,104.36786384
2021-05-08,57380.27,87.22137317000002
2021-05-09,58928.81,70.0288271
2021-05-10,58280.73,101.01711434
2021-05-11,55883.5,81.79323145000001
2021-05-12,56750.0,76.98423673000005
2021-05-13,49007.09,71.87171985999998
2021-05-14,49702.27,73.24686827
2021-05-15,49922.52,62.45768819000001
2021-05-16,46736.58,52.094144130000025
2021-05-17,46441.64,76.18906998
2021-05-18,43596.24,67.16487364999998
2021-05-19,42912.19,122.72468288999998
2021-05-20,36964.27,132.47635443
2021-05-21,40784.32,131.01122920000003
2021-05-22,37280.35,102.38136843
2021-05-23,37528.3,81.40676948000001
2021-05-24,34754.54,96.80194258
2021-05-25,38728.59,85.81813125999999
2021-05-26,38410.5,77.84665827
2021-05-27,39266.04,66.11477022000001
2021-05-28,38445.29,69.53506793000003
2021-05-29,35689.62,47.41632429
2021-05-30,34647.67,36.61452541999999
2021-05-31,35684.59,45.48679202
2021-06-01,37310.54,47.27613502000001
2021-06-02,36662.64,51.13309673999999
2021-06-03,37585.24,49.88061483999999
2021-06-04,39188.59,42.34136464
2021-06-05,36885.51,29.640854170000004
2021-06-06,35530.38,22.5789259
2021-06-07,35816.17,34.55627144
2021-06-08,33514.87,35.24722007999999
2021-06-09,33450.19,33.33885199000002
2021-06-10,37338.36,46.371332570000014
2021-06-11,36704.57,40.70747208999999
2021-06-12,37313.18,35.49080844
2021-06-13,35494.9,23.211976459999992
2021-06-14,39066.82,37.66128109000001
2021-06-15,40525.8,38.74243654999998
2021-06-16,40188.56,39.0776493
2021-06-17,38324.87,31.367964579999988
2021-06-18,38068.04,31.06591451000001
2021-06-19,35729.82,24.63339795000001
2021-06-20,35524.17,22.721419750000003
2021-06-21,35592.35,40.26731550999998
2021-06-22,31686.55,47.79616557000001
2021-06-23,32447.59,56.04309666
2021-06-24,33674.66,48.01458352
2021-06-25,34639.38,44.14298414
2021-06-26,31640.58,29.41353190000001
2021-06-27,32160.91,27.102806160000004
2021-06-28,34644.45,52.71354741999999
2021-06-29,34456.67,53.15086695
2021-06-30,35847.7,62.358848449999975
2021-07-01,35047.36,72.52897938000002
2021-07-02,33536.88,61.96307909999999
2021-07-03,33856.86,59.202512710000015
2021-07-04,34688.98,43.43064993000002
2021-07-05,35309.3,47.54560696000002
2021-07-06,33747.97,47.07445328
2021-07-07,34211.01,37.84812682999998
2021-07-08,33839.04,29.277984160000003
2021-07-09,32877.41,26.87704906999999
2021-07-10,33818.52,19.19544869
2021-07-11,33515.57,18.5370764
2021-07-12,34227.64,28.721082310000007
2021-07-13,33158.25,31.732052499999988
2021-07-14,32686.56,24.91340774
2021-07-15,32814.61,22.72069488
2021-07-16,31738.59,17.289337650000007
2021-07-17,31421.25,12.611708939999998
2021-07-18,31520.66,12.063143299999998
2021-07-19,31783.49,18.99841860000001
2021-07-20,30815.94,17.822994080000004
2021-07-21,29790.24,14.461766660000004
2021-07-22,32118.06,14.21047745
2021-07-23,32297.89,19.320597079999995
2021-07-24,33581.63,12.816939729999996
2021-07-25,34279.34,9.733525729999997
2021-07-26,35365.2,18.280400450000005
2021-07-27,37318.14,16.07380881000001
2021-07-28,39405.95,15.548885879999997
2021-07-29,40002.53,14.995055600000008
2021-07-30,40005.93,14.572719130000005
2021-07-31,42214.15,11.2248187
2021-08-01,41659.06,9.612820950000003
2021-08-02,40000.46,13.481515990000002
2021-08-03,39193.94,12.796556289999996
2021-08-04,38138.0,15.07145299
2021-08-05,39750.14,14.890447050000006
2021-08-06,40882.0,14.22965964
2021-08-07,42825.95,10.389359620000002
2021-08-08,44634.13,9.837215589999998
2021-08-09,43816.14,13.536098329999996
2021-08-10,46333.46,13.957605080000002
2021-08-11,45608.37,13.263662280000004
2021-08-12,45611.46,12.84363469000001
2021-08-13,44417.78,23.57973618
2021-08-14,47833.98,10.89573864
2021-08-15,47112.19,9.728880110000004
2021-08-16,47056.41,16.332771140000002
2021-08-17,45982.55,15.65187721999999
2021-08-18,44648.57,15.411591230000004
2021-08-19,44777.86,12.909055029999998
2021-08-20,46734.65,15.74679145999999
2021-08-21,49327.75,11.42035586
2021-08-22,48932.02,11.626182749999996
2021-08-23,49335.68,14.336849090000008
2021-08-24,49523.5,15.003273339999998
2021-08-25,47744.58,12.856517219999995
2021-08-26,48972.09,11.575345220000004
2021-08-27,46962.8,11.915706289999996
2021-08-28,49056.86,10.702355910000003
2021-08-29,48897.65,8.73895894
2021-08-30,48806.78,12.53730114
2021-08-31,47074.77,13.740391869999998
2021-09-01,47155.87,17.741856400000007
2021-09-02,48862.76,19.97096727
2021-09-03,49329.01,18.433869729999994
2021-09-04,50035.33,11.994310480000005
2021-09-05,49947.38,10.480771349999998
2021-09-06,51769.06,17.203333649999998
2021-09-07,52677.4,18.45604694
2021-09-08,46809.17,14.707225099999995
2021-09-09,46078.38,14.120404850000003
2021-09-10,46368.69,14.113327470000002
2021-09-11,44847.48,10.836634559999998
2021-09-12,45144.79,8.565948659999995
2021-09-13,46059.12,15.269039009999991
2021-09-14,44968.76,14.832683929999996
2021-09-15,47072.12,17.058681740000008
2021-09-16,48167.85,16.78613933000001
2021-09-17,47785.26,14.980883859999995
2021-09-18,47263.6,11.593314779999996
2021-09-19,48259.45,8.247936459999996
2021-09-20,47249.38,13.886932009999986
2021-09-21,42901.56,14.776701429999996
2021-09-22,40619.27,14.017972419999998
2021-09-23,43604.76,13.782920530000004
2021-09-24,44888.96,16.13218851
2021-09-25,42815.56,8.549541450000003
2021-09-26,42742.01,8.46447735
2021-09-27,43182.63,12.663846300000005
2021-09-28,42238.2,13.658091790000002
2021-09-29,41011.16,11.298469129999996
2021-09-30,41522.38,14.77442647
2021-10-01,43757.81,16.25074991
2021-10-02,48140.11,10.923895470000003
2021-10-03,47727.1,9.994900940000004
2021-10-04,48205.72,13.719330879999994
2021-10-05,49143.95,15.293184800000008
2021-10-06,51505.83,18.01872245
2021-10-07,55343.76,26.94414508000001
2021-10-08,53801.1,20.667771960000007
2021-10-09,53867.3,14.68665122
2021-10-10,55122.59,12.733580149999993
2021-10-11,54625.74,20.71044373
2021-10-12,57452.01,19.08640434
2021-10-13,56242.94,16.82798138
2021-10-14,57406.69,16.28899281
2021-10-15,57397.74,20.28590568000001
2021-10-16,61641.17,15.68890276
2021-10-17,60948.78,11.342677920000003
2021-10-18,61546.21,15.829361489999997
2021-10-19,61971.59,15.007076060000005
2021-10-20,64287.64,18.745019660000004
2021-10-21,66063.56,20.27685074
2021-10-22,62354.86,16.166762619999997
2021-10-23,60697.06,11.144983530000005
2021-10-24,61277.28,8.981289720000005
2021-10-25,60884.18,14.023436650000006
2021-10-26,63070.54,13.725147509999998
2021-10-27,60345.17,12.545418510000008
2021-10-28,58538.49,12.98178558
2021-10-29,60587.09,15.656144510000004
2021-10-30,62249.18,10.417670139999991
2021-10-31,61731.29,8.990319359999994
2021-11-01,61373.44,15.308688889999994
2021-11-02,61029.5,17.50019126999999
2021-11-03,63241.11,15.93237583999999
2021-11-04,62954.86,16.38430664
2021-11-05,61441.83,17.517448909999995
2021-11-06,61072.32,10.765226660000003
2021-11-07,61516.31,9.632717740000002
2021-11-08,63293.22,16.099207829999997
2021-11-09,67562.17,23.26600511
2021-11-10,66954.11,18.414890980000003
2021-11-11,64976.73,15.55562963
2021-11-12,64838.81,14.885176439999997
2021-11-13,64254.67,10.69343882
2021-11-14,64420.94,8.671454749999999
2021-11-15,65468.75,12.660089460000002
2021-11-16,63584.25,12.979715739999996
2021-11-17,60172.26,13.464726200000008
2021-11-18,60381.35,11.7643974
2021-11-19,56921.34,13.201343350000004
2021-11-20,58133.02,12.965309769999998
2021-11-21,59777.98,9.230594859999998
2021-11-22,58755.9,12.30824165
2021-11-23,56301.52,12.288522640000002
2021-11-24,57578.22,14.01867125
2021-11-25,57187.54,14.858212929999995
2021-11-26,58935.45,14.573473770000003
2021-11-27,53588.21,8.44446976
2021-11-28,54801.15,7.360521070000003
2021-11-29,57292.28,11.133598339999992
2021-11-30,57828.45,12.639602539999998
2021-12-01,57025.79,20.56160479
2021-12-02,57229.76,18.879180590000004
2021-12-03,56508.48,13.282582619999994
2021-12-04,53713.84,17.45400847999999
2021-12-05,49253.86,21.84550986
2021-12-06,49380.43,12.987698129999997
2021-12-07,50564.63,11.38683329
2021-12-08,50645.41,10.347112210000002
2021-12-09,50511.12,12.039403259999991
2021-12-10,47659.68,11.587516069999998
2021-12-11,47137.46,7.930528290000004
2021-12-12,49379.67,6.5401876499999965
2021-12-13,50117.25,12.937332479999997
2021-12-14,46757.09,11.71214792
2021-12-15,48392.79,11.622151509999998
2021-12-16,48884.66,10.47070691
2021-12-17,47658.38,12.996682629999995
2021-12-18,46173.51,8.787180270000006
2021-12-19,46863.67,6.98352275
2021-12-20,46689.28,10.997373189999998
2021-12-21,46910.13,11.896223660000002
2021-12-22,48934.57,10.850756929999998
2021-12-23,48628.35,10.978315770000004
2021-12-24,50785.69,12.067905989999998
2021-12-25,50814.92,8.32231002
2021-12-26,50470.89,7.7534104899999985
2021-12-27,50801.11,13.15912641
2021-12-28,50692.3,17.86068218000001
2021-12-29,47601.26,16.40915858
2021-12-30,46408.87,17.654039259999998
2021-12-31,47132.96,18.07228243
2022-01-01,46249.56,9.313250859999998
2022-01-02,47763.33,9.25751769
2022-01-03,47327.87,11.58893996
2022-01-04,46441.99,13.284019999999993
2022-01-05,45862.98,15.839727270000004
2022-01-06,43436.17,15.23440191
2022-01-07,43120.63,14.302949689999997
2022-01-08,41528.04,9.694179379999998
2022-01-09,41690.93,7.86552615
2022-01-10,41864.44,11.455945769999996
2022-01-11,41849.0,11.710138529999996
2022-01-12,42723.37,11.660433240000003
2022-01-13,43926.0,10.43758314
2022-01-14,42546.44,9.66920485
2022-01-15,43099.37,7.428472630000001
2022-01-16,43146.53,6.366740770000002
2022-01-17,43102.44,9.08946149
2022-01-18,42248.35,9.476112859999995
2022-01-19,42381.48,8.660048830000006
2022-01-20,41707.85,9.94362513
2022-01-21,40684.42,12.146521389999997
2022-01-22,36480.85,11.14446627
2022-01-23,35071.43,7.684630590000005
2022-01-24,36280.82,11.63754455
2022-01-25,36678.82,10.852287239999995
2022-01-26,36948.81,11.989245729999997
2022-01-27,36823.5,11.650367640000004
2022-01-28,37146.85,12.53358866
2022-01-29,37770.15,12.331016270000005
2022-01-30,38186.49,10.55100293
2022-01-31,37918.62,13.023316970000003
2022-02-01,38521.79,14.705298079999997
2022-02-02,38739.74,12.277100499999994
2022-02-03,36912.68,10.616929520000005
2022-02-04,37092.4,13.956679519999998
2022-02-05,41584.19,14.12773856
2022-02-06,41435.43,10.26759842
2022-02-07,42450.98,14.54581893
2022-02-08,43834.02,14.503017129999996
2022-02-09,44133.28,14.578782749999998
2022-02-10,44397.3,19.58059812
2022-02-11,43531.11,16.74292024
2022-02-12,42401.27,12.377311950000008
2022-02-13,42245.56,8.707643399999995
2022-02-14,42104.89,11.161085030000006
2022-02-15,42580.94,12.47970742
2022-02-16,44536.2,10.087183340000005
2022-02-17,43948.81,9.917910240000008
2022-02-18,40565.69,9.413693890000005
2022-02-19,40014.55,6.872953320000004
2022-02-20,40115.05,5.72791661
2022-02-21,38382.32,9.555417659999993
2022-02-22,37031.08,9.152503500000002
2022-02-23,38262.17,8.067131070000002
2022-02-24,37291.48,10.248720819999996
2022-02-25,38344.78,11.500665540000002
2022-02-26,39222.6,6.735534049999998
2022-02-27,39103.91,6.941008800000008
2022-02-28,37704.56,9.34059643
2022-03-01,43226.36,19.43038347
2022-03-02,44418.83,29.26598148
2022-03-03,43934.85,20.2902153
2022-03-04,42464.4,15.322010519999994
2022-03-05,39141.25,11.260664489999996
2022-03-06,39399.58,9.45711786
2022-03-07,38407.69,11.28076247
2022-03-08,38032.5,10.58415698
2022-03-09,38753.1,11.261299100000004
2022-03-10,41956.53,11.649466789999998
2022-03-11,39437.89,11.0320505
2022-03-12,38741.04,7.884152659999999
2022-03-13,38809.18,6.7718509
2022-03-14,37820.39,10.311670240000003
2022-03-15,39680.6,9.8162698
2022-03-16,39320.82,10.225095390000003
2022-03-17,41133.08,10.508906589999992
2022-03-18,40946.78,10.594884019999997
2022-03-19,41795.77,8.045843870000002
2022-03-20,42222.32,6.458943799999999
2022-03-21,41250.83,9.490092379999998
2022-03-22,41071.41,10.8074481
2022-03-23,42372.67,10.826884389999998
2022-03-24,42905.06,11.37578427
2022-03-25,44004.47,12.908835439999995
2022-03-26,44334.33,8.185598199999998
2022-03-27,44542.39,7.476992970000005
2022-03-28,46858.53,10.815168119999996
2022-03-29,47115.93,9.959339
2022-03-30,47448.01,11.172714079999997
2022-03-31,47064.16,16.598953850000004
2022-04-01,45539.22,19.628647410000006
2022-04-02,46282.56,12.947828550000004
2022-04-03,45825.36,10.435895970000002
2022-04-04,46425.52,12.551040040000004
2022-04-05,46611.26,10.881241830000004
2022-04-06,45508.16,10.290865589999996
2022-04-07,43190.18,10.039681349999997
2022-04-08,43464.32,11.471286850000002
2022-04-09,42278.94,8.1504687
2022-04-10,42787.69,6.82969558
2022-04-11,42144.23,10.507280689999998
2022-04-12,39488.62,10.714575820000004
2022-04-13,40102.2,11.86276116
2022-04-14,41148.06,11.061240960000005
2022-04-15,39939.9,8.863154869999999
2022-04-16,40566.2,6.426936649999999
2022-04-17,40388.78,5.341647119999999
2022-04-18,39711.45,8.516320940000004
2022-04-19,40805.72,9.36977033
2022-04-20,41507.3,8.896209129999994
2022-04-21,41375.79,10.87259159
2022-04-22,40514.01,10.968648280000002
2022-04-23,39727.65,8.203158969999999
2022-04-24,39429.01,6.721748970000001
2022-04-25,39465.57,12.818948070000005
2022-04-26,40472.7,11.307777759999992
2022-04-27,38114.94,11.164919310000004
2022-04-28,39249.28,11.27300063
2022-04-29,39770.04,13.625224119999997
2022-04-30,38596.28,10.461626430000004
2022-05-01,37661.19,7.81516491
2022-05-02,38475.48,10.65002511
2022-05-03,38510.65,9.665812450000004
2022-05-04,37727.19,12.61590688
2022-05-05,39674.89,22.34075054
2022-05-06,36549.9,16.961606970000002
2022-05-07,36013.03,13.781268220000005
2022-05-08,35471.42,12.239537570000005
2022-05-09,34082.21,19.78760376000001
2022-05-10,30175.71,17.440956460000006
2022-05-11,31003.93,21.61481428
2022-05-12,28907.15,29.65948913000001
2022-05-13,28931.14,31.539118490000007
2022-05-14,29234.06,25.599530440000013
2022-05-15,30074.61,16.286009210000003
2022-05-16,31277.43,21.013812750000007
2022-05-17,29834.09,18.911246129999995
2022-05-18,30406.69,16.539443690000002
2022-05-19,28680.97,17.08973074
2022-05-20,30289.87,17.100253079999995
2022-05-21,29159.5,12.030804259999996
2022-05-22,29409.92,11.64710381
2022-05-23,30278.94,15.826691359999996
2022-05-24,29074.33,16.170412349999996
2022-05-25,29634.57,19.46775853999999
2022-05-26,29518.59,17.62638696999999
2022-05-27,29193.92,17.454313139999996
2022-05-28,28578.89,11.820500789999995
2022-05-29,29013.69,9.96276556
2022-05-30,29448.74,13.33812083
2022-05-31,31715.58,13.704035039999996
2022-06-01,31776.27,18.81294327
2022-06-02,29780.81,19.52585209
2022-06-03,30429.88,18.093262669999994
2022-06-04,29681.76,12.5750603
2022-06-05,29845.23,9.452513969999998
2022-06-06,29901.35,12.70170594
2022-06-07,31349.82,11.78082081
2022-06-08,31117.83,10.82665856
2022-06-09,30189.25,10.072286050000002
2022-06-10,30083.46,13.5712683
2022-06-11,29059.41,11.2798934
2022-06-12,28344.5,9.70808071
2022-06-13,26593.3,28.14786917000001
2022-06-14,22431.22,26.092143590000006
2022-06-15,22189.29,25.76594979
2022-06-16,22550.79,23.363162420000005
2022-06-17,20350.48,21.80982509
2022-06-18,20434.75,20.9364046
2022-06-19,18977.51,12.867996820000004
2022-06-20,20540.38,15.159494439999998
2022-06-21,20582.29,16.311170560000004
2022-06-22,20703.51,16.955184179999996
2022-06-23,19953.71,14.806526529999994
2022-06-24,21088.3,16.16066344
2022-06-25,21194.68,13.38352602
2022-06-26,21481.38,12.73963608
2022-06-27,21020.04,14.3898427
2022-06-28,20702.23,14.097814260000003
2022-06-29,20256.61,13.474558510000003
2022-06-30,20085.93,16.563506569999994
2022-07-01,19865.7,18.0992221
2022-07-02,19226.7,13.299660700000004
2022-07-03,19224.75,9.999365670000008
2022-07-04,19288.97,13.56007377999999
2022-07-05,20208.45,19.729530310000005
2022-07-06,20181.91,24.48460198999999
2022-07-07,20545.61,24.384311449999995
2022-07-08,21633.44,22.855290490000005
2022-07-09,21636.45,15.83191926
2022-07-10,21582.6,12.735425889999997
2022-07-11,20834.61,15.348116379999995
2022-07-12,19946.31,17.361912600000007
2022-07-13,19292.99,23.02288103
2022-07-14,20223.69,31.514266180000003
2022-07-15,20568.9,26.064093880000005
2022-07-16,20835.61,18.27777279
2022-07-17,21197.1,15.801462510000006
2022-07-18,20774.23,22.311000660000005
2022-07-19,22538.08,26.68435478
2022-07-20,23403.29,25.64368542000001
2022-07-21,23227.22,24.191234770000005
2022-07-22,23154.09,21.74658299
2022-07-23,22687.08,13.450465029999998
2022-07-24,22461.7,10.6778997
2022-07-25,22582.4,12.659784689999997
2022-07-26,21300.72,14.563572740000003
2022-07-27,21267.33,12.14846598
2022-07-28,22950.29,16.141326599999996
2022-07-29,23856.25,15.169291159999998
2022-07-30,23792.0,12.478252440000006
2022-07-31,23647.99,10.946482859999996
2022-08-01,23326.49,14.450534099999995
2022-08-02,23298.94,15.17426654
2022-08-03,22981.77,15.576572400000003
2022-08-04,22831.85,17.5691281
2022-08-05,22608.3,19.59420281
2022-08-06,23295.14,13.550944609999997
2022-08-07,22947.19,11.103388310000003
2022-08-08,23174.25,15.522830250000007
2022-08-09,23816.32,22.94095828
2022-08-10,23156.31,19.064886800000007
2022-08-11,23959.92,18.64861835
2022-08-12,23953.77,17.287081850000003
2022-08-13,24418.38,11.569899080000006
2022-08-14,24447.13,7.940145240000001
2022-08-15,24314.89,10.516783190000002
2022-08-16,24096.19,11.793985050000002
2022-08-17,23876.29,15.181718970000006
2022-08-18,23332.09,14.945102959999998
2022-08-19,23193.99,13.829029049999992
2022-08-20,20843.22,9.04033101
2022-08-21,21150.33,7.922607870000005
2022-08-22,21520.51,10.548105880000003
2022-08-23,21402.93,11.490086569999995
2022-08-24,21516.02,9.77941554
2022-08-25,21377.51,10.89698816
2022-08-26,21597.93,11.3167769
2022-08-27,20233.32,8.786082980000005
2022-08-28,20035.59,7.495430409999999
2022-08-29,19550.07,11.008257659999996
2022-08-30,20290.41,12.10050823
2022-08-31,19793.02,13.0560369
2022-09-01,20047.68,14.71813337
2022-09-02,20130.52,18.27700629
2022-09-03,19952.91,14.517866340000005
2022-09-04,19834.94,10.468580169999996
2022-09-05,19994.65,14.051682599999998
2022-09-06,19789.87,15.29135514
2022-09-07,18806.7,14.779833100000005
2022-09-08,19280.08,15.388841480000002
2022-09-09,19327.53,17.518217639999996
2022-09-10,21387.58,12.414737120000003
2022-09-11,21673.03,10.21886839
2022-09-12,21794.52,12.97488111999999
2022-09-13,22392.71,15.56089316
2022-09-14,20172.56,17.119207890000002
2022-09-15,20219.55,17.305996939999993
2022-09-16,19694.69,19.074281950000003
2022-09-17,19787.61,16.84695896
2022-09-18,20122.71,12.176171550000005
2022-09-19,19415.86,13.11511233
2022-09-20,19542.2,14.740804660000006
2022-09-21,18879.96,14.007190430000003
2022-09-22,18507.36,12.921849560000002
2022-09-23,19408.63,15.76017685
2022-09-24,19280.58,11.208016030000003
2022-09-25,18931.79,10.51389711
2022-09-26,18807.71,14.465445650000005
2022-09-27,19227.26,16.78181016000001
2022-09-28,19104.89,14.034274380000005
2022-09-29,19530.71,14.876380000000005
2022-09-30,19598.86,16.583648199999992
2022-10-01,19427.2,12.312377590000002
2022-10-02,19314.69,9.031768799999998
2022-10-03,19049.72,11.480007599999997
2022-10-04,19632.61,10.25446529
2022-10-05,20342.25,9.209774780000004
2022-10-06,20167.79,10.17577684
2022-10-07,19956.49,10.589537800000004
2022-10-08,19544.82,6.680587199999998
2022-10-09,19417.73,5.93241182
2022-10-10,19441.88,8.094368549999999
2022-10-11,19132.52,8.843538890000007
2022-10-12,19049.64,9.430387910000002
2022-10-13,19156.21,14.791093839999997
2022-10-14,19383.33,14.972679840000003
2022-10-15,19184.71,9.297972970000002
2022-10-16,19063.1,8.21248342
2022-10-17,19265.53,13.04780993
2022-10-18,19548.97,16.721900499999993
2022-10-19,19330.74,16.729979620000012
2022-10-20,19125.65,12.782906639999997
2022-10-21,19046.83,11.793922260000006
2022-10-22,19171.34,9.275672059999996
2022-10-23,19205.45,7.755342119999997
2022-10-24,19565.91,11.95198458
2022-10-25,19338.9,16.798805109999993
2022-10-26,20101.27,23.54978160000001
2022-10-27,20772.36,17.359527899999996
2022-10-28,20288.52,18.72427351
2022-10-29,20601.63,14.665163750000003
2022-10-30,20816.16,12.734305290000004
2022-10-31,20628.5,15.408546639999996
2022-11-01,20499.29,14.951825980000002
2022-11-02,20486.26,16.72286641000001
2022-11-03,20153.99,18.920827809999988
2022-11-04,20208.16,19.65744896
2022-11-05,21152.93,16.01921818999999
2022-11-06,21292.67,13.76316876
2022-11-07,20920.33,15.888307670000003
2022-11-08,20598.44,21.87851674000001
2022-11-09,18540.11,24.96378276
2022-11-10,15856.95,24.33780156000001
2022-11-11,17550.23,21.931110170000007
2022-11-12,16990.26,16.182201490000004
2022-11-13,16776.4,16.368784639999998
2022-11-14,16310.3,22.84939586
2022-11-15,16587.96,36.313109970000006
2022-11-16,16873.56,35.522876789999984
2022-11-17,16662.24,34.54296318999999
2022-11-18,16682.44,43.72819361999999
2022-11-19,16683.22,27.05581977
2022-11-20,16687.8,19.44118871
2022-11-21,16260.41,25.36568192
2022-11-22,15759.61,26.78202381000001
2022-11-23,16194.75,28.84984288
2022-11-24,16606.77,27.963748599999995
2022-11-25,16592.67,27.05300031
2022-11-26,16507.44,23.6560804
2022-11-27,16453.47,17.780746309999998
2022-11-28,16420.2,22.940244020000005
2022-11-29,16208.96,23.247694430000003
2022-11-30,16432.73,27.12249692
2022-12-01,17170.62,29.317239309999994
2022-12-02,16971.57,28.77794644
2022-12-03,17091.23,23.08110451000001
2022-12-04,16894.23,16.896306259999992
2022-12-05,17117.57,21.33182906
2022-12-06,16967.02,22.49914585
2022-12-07,17085.45,18.32443866000001
2022-12-08,16836.05,14.875923830000003
2022-12-09,17234.58,13.758093820000004
2022-12-10,17128.55,12.258936410000002
2022-12-11,17124.99,8.19227598
2022-12-12,17098.61,12.61235304
2022-12-13,17206.87,13.220870679999996
2022-12-14,17771.03,15.09499795999999
2022-12-15,17802.44,20.34853506
2022-12-16,17357.47,16.566317870000002
2022-12-17,16637.6,17.43271938
2022-12-18,16783.6,11.58090744
2022-12-19,16745.99,18.06905832
2022-12-20,16439.89,18.05089091
2022-12-21,16904.64,16.529144940000005
2022-12-22,16813.62,17.139276409999997
2022-12-23,16818.68,17.374282509999997
2022-12-24,16779.71,17.63921588
2022-12-25,16838.1,13.70816482
2022-12-26,16826.86,17.542172259999997
2022-12-27,16915.7,23.85198506
2022-12-28,16699.0,20.67824483
2022-12-29,16539.28,20.581819499999995
2022-12-30,16630.49,21.7942512
2022-12-31,16599.69,12.180264259999996
2023-01-01,16526.78,7.112755269999999
2023-01-02,16613.71,8.824292550000001
2023-01-03,16671.54,12.727828579999995
2023-01-04,16669.6,14.774281600000002
2023-01-05,16850.63,14.271284650000004
2023-01-06,16826.41,13.201948180000006
2023-01-07,16951.97,8.396861959999994
2023-01-08,16945.2,6.781967409999997
2023-01-09,17108.41,10.866636119999995
2023-01-10,17192.07,11.15949274
2023-01-11,17443.68,12.423635660000004
2023-01-12,17934.6,16.51553844000001
2023-01-13,18859.32,16.624897999999995
2023-01-14,19933.36,14.02600690000001
2023-01-15,20955.15,7.979662749999998
2023-01-16,20880.99,10.301662030000005
2023-01-17,21190.49,12.94528909
2023-01-18,21145.18,16.09240569999999
2023-01-19,20672.78,16.2243167
2023-01-20,21087.76,19.5578755
2023-01-21,22693.45,16.32874344
2023-01-22,22772.5,13.757078050000006
2023-01-23,22724.23,14.924903609999998
2023-01-24,22924.37,16.92996076
2023-01-25,22634.47,12.9467282
2023-01-26,23089.74,12.096030559999996
2023-01-27,23008.29,14.302310940000003
2023-01-28,23075.81,11.61323579
2023-01-29,23032.23,8.463755600000002
2023-01-30,23755.85,11.29211021
2023-01-31,22836.09,18.615042980000005
2023-02-01,23133.91,22.09847212999999
2023-02-02,23722.02,21.857902910000007
2023-02-03,23454.41,24.340816740000005
2023-02-04,23440.09,20.355688760000003
2023-02-05,23328.24,13.976726330000004
2023-02-06,22936.95,18.42761143
2023-02-07,22763.74,22.20210172999999
2023-02-08,23254.79,18.393597170000007
2023-02-09,22964.87,21.55106488000002
2023-02-10,21794.05,26.8626278
2023-02-11,21638.55,22.590634919999992
2023-02-12,21861.84,18.81250277
2023-02-13,21787.25,24.25921585
2023-02-14,21787.99,25.81457179000001
2023-02-15,22211.8,35.349028140000016
2023-02-16,24340.73,31.270730969999995
2023-02-17,23544.67,26.678259050000005
2023-02-18,24572.97,19.94819627
2023-02-19,24641.94,15.39227625
2023-02-20,24290.18,17.877025799999995
2023-02-21,24834.81,17.32064879
2023-02-22,24438.1,18.450576930000008
2023-02-23,24185.67,19.023104210000007
2023-02-24,23946.39,18.53531737
2023-02-25,23192.02,15.959074009999991
2023-02-26,23176.76,15.062250590000009
2023-02-27,23563.11,22.653527710000013
2023-02-28,23497.62,25.81843208000001
2023-03-01,23128.3,25.83815714
2023-03-02,23641.68,23.93851073000001
2023-03-03,23467.36,27.89011407
2023-03-04,22351.72,20.186608340000006
2023-03-05,22348.51,17.510876130000007
2023-03-06,22427.56,24.02745285999999
2023-03-07,22410.62,25.64150674
2023-03-08,22197.49,26.25555846999999
2023-03-09,21698.33,44.79625681
2023-03-10,20363.36,43.94455142999999
2023-03-11,20224.85,27.25742454000001
2023-03-12,20656.78,21.36544776
2023-03-13,22205.32,26.12698464
2023-03-14,24213.74,37.16891206
2023-03-15,24767.46,33.65361796
2023-03-16,24376.39,33.40128666999999
2023-03-17,25053.64,42.51131127999999
2023-03-18,27462.77,34.92705099999999
2023-03-19,26975.39,28.555729729999992
2023-03-20,28045.84,29.66222798
2023-03-21,27790.89,28.88659712000001
2023-03-22,28191.53,35.35143002000001
2023-03-23,27306.32,39.11112149
2023-03-24,28332.42,44.3243801
2023-03-25,27496.2,30.59583649
2023-03-26,27496.06,21.867617579999987
2023-03-27,27999.84,23.15655466
2023-03-28,27141.23,28.01496872999999
2023-03-29,27274.72,27.534690559999987
2023-03-30,28355.92,27.52450894
2023-03-31,28033.06,32.546841099999995
2023-04-01,28479.75,31.52349304
2023-04-02,28465.04,24.46719163000001
2023-04-03,28185.2,27.70515645000001
2023-04-04,27802.23,33.83075424999999
2023-04-05,28169.5,32.05316881000001
2023-04-06,28180.4,32.91813282999998
2023-04-07,28039.94,27.01238270999999
2023-04-08,27925.55,21.895544680000004
2023-04-09,27956.01,16.906771399999997
2023-04-10,28336.18,21.77457393999999
2023-04-11,29656.24,31.05891418000001
2023-04-12,30234.98,24.60478427
2023-04-13,29899.24,25.93528788999999
2023-04-14,30407.6,27.739714300000003
2023-04-15,30486.05,21.196562720000006
2023-04-16,30319.32,15.947947189999995
2023-04-17,30315.39,20.837154240000007
2023-04-18,29447.1,20.36349198
2023-04-19,30393.64,20.905920229999992
2023-04-20,28829.57,21.23996344000001
2023-04-21,28243.02,24.09019709000002
2023-04-22,27267.99,16.3903462
2023-04-23,27816.18,13.67490748
2023-04-24,27590.55,20.560218520000003
2023-04-25,27516.48,26.715879630000018
2023-04-26,28301.71,33.09136423999998
2023-04-27,28429.72,41.76462098
2023-04-28,29480.35,45.87162396000004
2023-04-29,29329.63,42.83166169
2023-04-30,29244.68,47.64650049999998
2023-05-01,29264.14,69.26942018
2023-05-02,28086.65,114.14121359000002
2023-05-03,28678.29,124.19698519999992
2023-05-04,29007.66,113.47645017000004
2023-05-05,28851.84,134.96713092000002
2023-05-06,29535.38,182.03461341
2023-05-07,28903.41,403.91903786
2023-05-08,28456.84,635.35380034
2023-05-09,27691.41,440.26574469
2023-05-10,27640.09,339.7677186100001
2023-05-11,27617.14,194.3781224
2023-05-12,26993.2,173.44342629
2023-05-13,26803.05,108.78997678000006
2023-05-14,26785.94,88.42138683000006
2023-05-15,26926.17,89.81371373
2023-05-16,27191.97,113.01084452000003
2023-05-17,27036.39,93.11371895999996
2023-05-18,27398.27,106.90014765
2023-05-19,26833.27,116.54596239999998
2023-05-20,26889.6,85.19281153999995
2023-05-21,27124.48,71.45591598999998
2023-05-22,26756.57,70.97206966
2023-05-23,26849.97,69.74632323999997
2023-05-24,27223.19,64.87007901999998
2023-05-25,26327.38,91.86642856
2023-05-26,26477.29,97.82995501000003
2023-05-27,26719.74,62.085646120000014
2023-05-28,26873.18,62.56858108
2023-05-29,28082.7,71.13058148999998
2023-05-30,27744.66,79.86678898999996
2023-05-31,27704.0,68.62409598000004
2023-06-01,27213.71,70.13588614000001
2023-06-02,26814.77,74.86202740999998
2023-06-03,27251.93,44.20366028
2023-06-04,27073.27,38.491879260000026
2023-06-05,27125.02,58.00114518999999
2023-06-06,25747.2,82.9226323
2023-06-07,27243.64,97.60233793
2023-06-08,26352.2,69.54580716000001
2023-06-09,26507.33,73.25776494999997
2023-06-10,26483.52,49.63338241
2023-06-11,25852.82,35.10920663000001
2023-06-12,25933.06,42.50873274
2023-06-13,25904.32,37.24601007
2023-06-14,25921.42,39.86874709000001
2023-06-15,25127.04,41.02129532999997
2023-06-16,25575.69,45.62498799999998
2023-06-17,26326.23,40.12883580000002
2023-06-18,26509.82,30.49645309000001
2023-06-19,26337.08,31.23665692999999
2023-06-20,26848.8,37.16242618999999
2023-06-21,28326.8,43.88821895000004
2023-06-22,29992.98,44.42575852
2023-06-23,29903.73,40.11549267
2023-06-24,30692.8,33.74556082
2023-06-25,30548.59,29.38484288000001
2023-06-26,30458.97,32.38485323000001
2023-06-27,30266.7,31.657187520000004
2023-06-28,30699.11,29.874540860000003
2023-06-29,30083.59,37.058475680000015
2023-06-30,30449.16,34.70273145
2023-07-01,30471.5,25.43994325
2023-07-02,30591.53,23.794827149999985
2023-07-03,30618.25,25.48770225000001
2023-07-04,31150.92,23.04035061
2023-07-05,30774.87,21.13703437
2023-07-06,30502.55,19.723986130000004
2023-07-07,29918.04,19.24955069
2023-07-08,30344.53,14.740246059999992
2023-07-09,30214.55,13.184168099999996
2023-07-10,30214.55,16.245124030000007
2023-07-11,30411.71,16.952263900000002
2023-07-12,30622.7,19.291612770000004
2023-07-13,30391.64,19.65757317
2023-07-14,31485.37,22.67725387
2023-07-15,30330.22,16.740640720000005
2023-07-16,30291.67,15.430010310000004
2023-07-17,30240.28,17.222962559999996
2023-07-18,30144.2,19.08879751
2023-07-19,29859.24,18.163703370000007
2023-07-20,29912.48,22.75465362
2023-07-21,29802.29,22.93350964
2023-07-22,29907.88,45.952142629999976
2023-07-23,29774.36,25.54846983
2023-07-24,30081.88,26.448897810000005
2023-07-25,29178.42,17.85638854
2023-07-26,29226.18,18.81831863
2023-07-27,29344.56,20.83844045000001
2023-07-28,29213.94,20.358799059999992
2023-07-29,29316.12,16.144255749999996
2023-07-30,29359.89,17.13087238
2023-07-31,29274.94,16.65975421
2023-08-01,29228.49,18.480163580000003
2023-08-02,29683.61,20.88584786
2023-08-03,29152.45,23.24083874000001
2023-08-04,29183.41,22.51529554
2023-08-05,29075.0,21.106991330000007
2023-08-06,29048.01,16.910309010000006
2023-08-07,29041.01,22.68954626999999
2023-08-08,29181.71,29.11310746000001
2023-08-09,29768.29,27.088854349999995
2023-08-10,29565.82,24.62276261000001
2023-08-11,29433.98,23.46538348
2023-08-12,29399.18,19.421388580000023
2023-08-13,29412.84,13.482776360000004
2023-08-14,29283.84,18.18730987
2023-08-15,29413.8,18.26277983
2023-08-16,29169.09,18.03889855
2023-08-17,28701.48,18.939209790000007
2023-08-18,26662.05,22.003224610000004
2023-08-19,26047.05,16.69938239
2023-08-20,26090.7,14.984985450000002
2023-08-21,26189.99,16.57586188
2023-08-22,26123.41,18.81110136
2023-08-23,26036.91,19.329584130000004
2023-08-24,26426.74,17.458467169999995
2023-08-25,26165.4,18.035864400000005
2023-08-26,26049.42,16.08579159
2023-08-27,26006.44,13.471948680000006
2023-08-28,26088.78,16.97295639999999
2023-08-29,26108.31,21.15115106
2023-08-30,27731.23,19.220988270000003
2023-08-31,27301.12,26.540640230000005
2023-09-01,25932.99,26.151917779999994
2023-09-02,25802.1,23.261978410000008
2023-09-03,25869.09,19.893148250000003
2023-09-04,25969.05,22.27598471
2023-09-05,25810.86,24.39689427
2023-09-06,25785.3,30.25389769000001
2023-09-07,25753.31,31.570128489999984
2023-09-08,26243.47,35.854558870000005
2023-09-09,25906.03,32.53049267
2023-09-10,25894.31,47.06196051999999
2023-09-11,25832.82,32.69725456000001
2023-09-12,25162.7,31.02944450000001
2023-09-13,25835.7,31.128702210000007
2023-09-14,26227.98,30.89771388999999
2023-09-15,26536.02,32.617964930000014
2023-09-16,26605.75,26.700998639999987
2023-09-17,26568.65,28.30720798
2023-09-18,26536.54,46.80860926000001
2023-09-19,26763.76,46.946532640000015
2023-09-20,27222.12,47.37695079999997
2023-09-21,27133.55,47.3464006
2023-09-22,26569.6,45.99544893999999
2023-09-23,26581.86,51.579423280000015
2023-09-24,26580.72,37.08650940999997
2023-09-25,26252.75,33.365485490000005
2023-09-26,26293.29,27.646104979999983
2023-09-27,26212.82,31.73405543
2023-09-28,26357.65,29.01291667
2023-09-29,27021.15,29.36315436
2023-09-30,26916.91,21.55552342
2023-10-01,26970.43,18.927685780000004
2023-10-02,27983.92,27.27710775000001
2023-10-03,27532.51,29.087440100000013
2023-10-04,27430.23,26.353382699999987
2023-10-05,27797.56,26.69888465
2023-10-06,27416.69,42.566448650000005
2023-10-07,27946.61,41.49443835000001
2023-10-08,27973.26,15.394591409999997
2023-10-09,27937.18,19.87958721
2023-10-10,27581.42,17.215115049999994
2023-10-11,27395.65,21.60053422
2023-10-12,26867.79,24.771612710000003
2023-10-13,26758.66,22.12322942999999
2023-10-14,26866.51,13.614699729999996
2023-10-15,26855.89,11.395811420000005
2023-10-16,27167.87,20.53810185
2023-10-17,28517.32,19.44552819
2023-10-18,28413.17,19.10702136
2023-10-19,28331.5,18.64870878
2023-10-20,28723.49,20.143290550000003
2023-10-21,29682.6,16.047446009999998
2023-10-22,29921.68,12.373980599999998
2023-10-23,29990.73,17.002779340000004
2023-10-24,33059.98,38.32398711000001
2023-10-25,33902.65,40.91981017
2023-10-26,34493.19,29.12231441
2023-10-27,34157.79,25.551621680000004
2023-10-28,33911.08,19.43560602
2023-10-29,34090.68,13.593506829999995
2023-10-30,34532.39,18.12100813
2023-10-31,34501.0,18.23911226
2023-11-01,34662.16,21.478997629999995
2023-11-02,35440.51,23.08727955
2023-11-03,34934.65,33.052818900000005
2023-11-04,34736.55,79.51745750999999
2023-11-05,35088.05,71.27194503000001
2023-11-06,35048.35,74.43935485000003
2023-11-07,35035.12,88.07849966
2023-11-08,35436.28,118.07035988
2023-11-09,35629.52,248.61069055
2023-11-10,36696.25,163.62534929999995
2023-11-11,37321.65,114.39754324
2023-11-12,37140.27,115.77631581999998
2023-11-13,37058.98,107.65230792000008
2023-11-14,36497.35,101.39519021000002
2023-11-15,35545.97,134.04354800000002
2023-11-16,37891.48,317.4560769399997
2023-11-17,36155.5,246.7305148499999
2023-11-18,36624.3,316.81453633
2023-11-19,36588.13,200.60609474
2023-11-20,37396.17,177.71355411999994
2023-11-21,37479.96,172.44417578000002
2023-11-22,35808.95,153.65418637
2023-11-23,37427.42,220.98471903
2023-11-24,37297.56,97.80573665
2023-11-25,37720.5,92.16469529
2023-11-26,37800.94,81.13972824000003
2023-11-27,37468.89,89.45126617000004
2023-11-28,37248.86,78.80659978
2023-11-29,37832.75,63.661391550000005
2023-11-30,37867.37,70.55229860000004
2023-12-01,37711.79,99.17185213000002
2023-12-02,38697.81,63.57856882
2023-12-03,39476.4,141.8813939100001
2023-12-04,39976.04,150.24265560999987
2023-12-05,41985.55,236.68922712
2023-12-06,44076.76,293.6611414599999
2023-12-07,43745.3,174.4743772699999
2023-12-08,43298.7,152.55024126999996
2023-12-09,44184.18,140.13969227999996
2023-12-10,43709.41,114.83473182
2023-12-11,43787.81,137.61667891
2023-12-12,41238.31,113.76908514000006
2023-12-13,41458.49,196.74583786999992
2023-12-14,42887.09,334.12679747
2023-12-15,43023.24,421.2031224499999
2023-12-16,41934.71,560.3603323799999
2023-12-17,42236.81,549.99929455
2023-12-18,41341.9,390.7370200099999
2023-12-19,41264.8,436.2345555800002
2023-12-20,42262.62,426.4969050800001
2023-12-21,43639.9,405.34292547000007
2023-12-22,43870.89,324.4882387599998
2023-12-23,43996.78,202.9154883900001
2023-12-24,43742.33,178.9249373499999
2023-12-25,43013.46,168.88633215999988
2023-12-26,43599.61,167.81165180000002
2023-12-27,42514.79,268.6660722999999
2023-12-28,43470.76,231.87168713999995
2023-12-29,42609.23,211.62799944000005
2023-12-30,42086.22,264.2947451199999
2023-12-31,42148.38,354.3681272199999
2024-01-01,42249.69,219.89481658999992
2024-01-02,44176.26,142.49877866999998
2024-01-03,44958.98,146.25275834000007
2024-01-04,42854.95,127.60369394
2024-01-05,44190.1,116.88188166000002
2024-01-06,44181.1,87.29314650999999
2024-01-07,43975.63,76.29310876999995
2024-01-08,43928.07,124.92950253
2024-01-09,46972.42,112.11324736000006
2024-01-10,46143.31,84.05762333000001
2024-01-11,46649.42,101.2830808
2024-01-12,46355.63,107.64636953999992
2024-01-13,42843.98,126.75167769000002
2024-01-14,42837.18,219.07734385
2024-01-15,41716.15,117.39484570000003
2024-01-16,42497.78,124.2836086
2024-01-17,43132.4,104.59851479999998
2024-01-18,42742.78,121.29357209000004
2024-01-19,41262.64,84.17113488000005
2024-01-20,41620.04,72.18103641999997
2024-01-21,41659.4,71.57920744
2024-01-22,41557.6,76.00262045999992
2024-01-23,39505.09,88.51466299000006
2024-01-24,39856.34,60.5441157
2024-01-25,40068.49,64.13321729
2024-01-26,39925.5,55.23224762000002
2024-01-27,41813.44,58.19419444000002
2024-01-28,42124.31,55.64473686999999
2024-01-29,42030.81,55.737113750000034
2024-01-30,43274.65,51.62785182999998
2024-01-31,42950.77,49.84143557999997
2024-02-01,42557.22,57.15019468000003
2024-02-02,43061.16,65.75075955000001
2024-02-03,43183.04,177.14604372999992
2024-02-04,42991.51,98.42988745
2024-02-05,42576.16,64.82428403000003
2024-02-06,42653.29,53.10194348000002
2024-02-07,43080.9,73.07338026
2024-02-08,44318.84,52.9856866
2024-02-09,45312.45,54.71694299999999
2024-02-10,47134.54,41.18969769000001
2024-02-11,47771.36,28.67207599
2024-02-12,48301.95,67.17328884000001
2024-02-13,49958.35,47.430010310000014
2024-02-14,49739.24,54.17801676000002
2024-02-15,51821.86,38.54925541000001
2024-02-16,51946.01,32.81914217999999
2024-02-17,52172.07,28.93145591000001
2024-02-18,51685.35,24.71238732
2024-02-19,52128.57,29.15129714999999
2024-02-20,51782.08,31.80294503
2024-02-21,52269.58,31.52972895
2024-02-22,51862.86,28.244180320000016
2024-02-23,51303.43,30.825594180000003
2024-02-24,50727.66,25.96199853000001
2024-02-25,51559.99,24.31764232
2024-02-26,51727.76,32.132905609999995
2024-02-27,54529.54,48.16835130000001
2024-02-28,57075.01,59.94820722000001
2024-02-29,62498.79,75.26752609000002
2024-03-01,61172.49,59.1579814
2024-03-02,62437.0,42.009248720000016
2024-03-03,62033.66,46.136782050000015
2024-03-04,63168.4,82.79483361000003
2024-03-05,68377.67,103.21170841000009
2024-03-06,63797.73,67.49302936000002
2024-03-07,66102.23,52.15660503999999
2024-03-08,66937.0,48.05150656
2024-03-09,68306.9,40.70419201999999
2024-03-10,68499.42,36.541458500000005
2024-03-11,69026.97,41.035269150000005
2024-03-12,72121.18,38.602913780000016
2024-03-13,71489.22,35.645344349999995
2024-03-14,73094.37,33.75232286
2024-03-15,71394.36,37.14060522999997
2024-03-16,69495.88,38.20667674000001
2024-03-17,65303.67,25.52442346
2024-03-18,68358.87,41.868221420000005
2024-03-19,67601.19,46.05466678999999
2024-03-20,61919.44,33.24518548
2024-03-21,67857.18,38.08769838999999
2024-03-22,65493.16,37.43395736
2024-03-23,63795.46,24.56584449
2024-03-24,64083.37,21.300595240000007
2024-03-25,67226.33,27.83097277000001
2024-03-26,69962.76,31.698124370000013
2024-03-27,69991.48,30.34220638
2024-03-28,69446.79,30.193777720000003
2024-03-29,70754.69,29.31332525
2024-03-30,69909.85,29.885278230000004
2024-03-31,69650.74,28.04897587
2024-04-01,71331.84,27.24872460000001
2024-04-02,69701.3,22.495608010000005
2024-04-03,65446.52,27.59327152
2024-04-04,65983.59,23.051920150000004
2024-04-05,68526.59,20.734816210000005
2024-04-06,67857.42,17.95771960000001
2024-04-07,68909.59,21.723002620000003
2024-04-08,69373.69,33.11963192
2024-04-09,71645.91,47.24576889000002
2024-04-10,69141.75,69.83621155000002
2024-04-11,70561.73,104.37927248
2024-04-12,70035.8,157.2190875599999
2024-04-13,67198.84,105.49580995000008
2024-04-14,64019.74,76.15961817
2024-04-15,65734.62,155.02178177999994
2024-04-16,63435.81,94.83667170999998
2024-04-17,63820.92,119.96784833999992
2024-04-18,61280.51,108.11277328000004
2024-04-19,63507.69,116.94264961000005
2024-04-20,63823.55,1257.7154452499992
2024-04-21,64991.71,344.0755276200001
2024-04-22,64949.79,253.93403682000005
2024-04-23,66844.74,438.5537434800003
2024-04-24,66416.37,258.70972687
2024-04-25,64271.73,108.68635747000002
2024-04-26,64486.29,93.74330405000002
2024-04-27,63749.7,63.08552487999999
2024-04-28,63420.25,53.22139973
2024-04-29,63112.69,45.44178458000001
2024-04-30,63832.72,45.35024293000004
2024-05-01,60603.04,37.77713190999999
2024-05-02,58268.36,35.37304202000001
2024-05-03,59120.4,34.156469940000015
2024-05-04,62885.27,45.898017270000025
2024-05-05,63901.84,124.23404546999996
2024-05-06,64045.15,40.47732225000001
2024-05-07,63157.69,35.93063171
2024-05-08,62323.38,30.26507945000001
2024-05-09,61182.24,30.562798340000004
2024-05-10,63066.69,31.21384524000001
2024-05-11,60794.09,36.81815721000001
2024-05-12,60805.78,21.797763150000005
2024-05-13,61448.99,26.45097978
2024-05-14,62913.71,21.80634206000001
2024-05-15,61557.4,22.787464040000003
2024-05-16,66239.13,22.696430150000005
2024-05-17,65231.59,21.62850381000001
2024-05-18,67060.24,17.823959919999993
2024-05-19,66926.54,16.35610618999999
2024-05-20,66266.07,17.67120324
2024-05-21,71442.94,28.52338381
2024-05-22,70139.6,21.26717374
2024-05-23,69133.73,29.94826016
2024-05-24,67942.23,23.19905641
2024-05-25,68531.76,21.09604917
2024-05-26,69272.7,19.4917635
2024-05-27,68486.54,22.149023600000007
2024-05-28,69374.17,18.02668742000001
2024-05-29,68289.6,38.92784731
2024-05-30,67573.91,37.45567083999999
2024-05-31,68352.44,69.30446423000001
2024-06-01,67484.93,44.22662876
2024-06-02,67719.29,35.1334046
2024-06-03,67752.27,43.74055069000002
2024-06-04,68803.11,35.21751326
2024-06-05,70553.24,56.482901900000016
2024-06-06,71083.68,65.86679186
2024-06-07,70764.24,312.66024100000016
2024-06-08,69331.66,155.5230741999999
2024-06-09,69297.93,73.58923503
2024-06-10,69645.28,65.74519278999999
2024-06-11,69513.23,44.32667776000001
2024-06-12,67332.0,46.5887145
2024-06-13,68239.79,57.53843421999999
2024-06-14,66757.59,52.44576037000001
2024-06-15,65993.49,45.01788529
2024-06-16,66188.17,36.98294763
2024-06-17,66636.85,27.373257370000008
2024-06-18,66480.82,37.27466373
2024-06-19,65148.41,32.436865899999994
2024-06-20,64960.21,32.07885597999999
2024-06-21,64830.29,27.56630944
2024-06-22,64095.5,20.794078490000004
2024-06-23,64251.26,14.863135919999998
2024-06-24,63167.3,19.66666864
2024-06-25,60279.54,21.889767589999995
2024-06-26,61795.24,21.33275890999999
2024-06-27,60808.17,18.10260407
2024-06-28,61616.04,18.200021010000004
2024-06-29,60315.67,16.207216729999992
2024-06-30,60871.03,13.42097615
2024-07-01,62676.36,18.35492272000001
2024-07-02,62845.12,17.229704140000003
2024-07-03,62028.38,16.155870790000005
2024-07-04,60145.84,16.87905574
2024-07-05,57034.05,14.72065925
2024-07-06,56648.56,15.514168259999998
2024-07-07,58265.25,12.323103910000002
2024-07-08,55848.73,14.783277760000004
2024-07-09,56706.26,13.21596265
2024-07-10,58011.47,16.146250880000004
2024-07-11,57743.11,12.4175502
2024-07-12,57351.64,12.30543188
2024-07-13,57907.93,19.42709037
2024-07-14,59231.12,13.231341790000004
2024-07-15,60798.16,13.202301060000002
2024-07-16,64859.79,12.309734740000009
2024-07-17,65077.23,14.034124100000003
2024-07-18,64104.91,10.052842869999996
2024-07-19,63968.61,12.136342789999995
2024-07-20,66712.66,10.183153700000002
2024-07-21,67164.74,9.865972680000002
2024-07-22,68155.67,13.71786433
2024-07-23,67597.26,11.223327949999993
2024-07-24,65920.76,10.23998168
2024-07-25,65357.71,10.679698730000007
2024-07-26,65790.91,10.37574629
2024-07-27,67914.86,10.22380204
2024-07-28,67826.14,8.158573620000002
2024-07-29,68257.42,10.867002189999996
2024-07-30,66777.36,9.714295630000004
2024-07-31,66180.0,10.61244378
2024-08-01,64621.73,9.42561542
2024-08-02,65297.77,8.76757802
2024-08-03,61410.11,8.227828380000004
2024-08-04,60676.68,7.285289580000002
2024-08-05,58116.46,9.248797230000005
2024-08-06,53978.78,8.20257927
2024-08-07,56082.71,7.867762329999999
2024-08-08,55033.47,9.006018600000003
2024-08-09,61698.9,8.609209819999997
2024-08-10,60879.41,6.757603340000002
2024-08-11,60943.19,6.584715539999998
2024-08-12,58717.0,8.279900999999997
2024-08-13,59350.07,8.05904479
2024-08-14,60600.35,7.970686080000001
2024-08-15,58727.43,8.616929029999996
2024-08-16,57523.47,8.890825150000001
2024-08-17,58886.74,7.2428138
2024-08-18,59483.03,7.219758560000004
2024-08-19,58445.98,8.86871172
2024-08-20,59475.91,9.96691022
2024-08-21,59024.54,8.479118270000003
2024-08-22,61170.43,100.26494952000006
2024-08-23,60382.01,9.816792780000002
2024-08-24,64082.05,7.504565210000003
2024-08-25,64174.59,7.029119779999999
2024-08-26,64327.86,8.49892683
2024-08-27,62857.78,7.789020139999996
2024-08-28,59466.82,7.713034020000001
2024-08-29,59024.11,8.19652039
2024-08-30,59389.34,8.013371420000004
2024-08-31,59108.23,6.325670209999999
2024-09-01,58968.91,6.457853700000002
2024-09-02,57322.52,7.609979309999996
2024-09-03,59113.65,8.47166562
2024-09-04,57430.23,7.771667020000003
2024-09-05,57966.79,10.74185881
2024-09-06,56165.32,7.620878990000001
2024-09-07,53951.72,6.552367879999996
2024-09-08,54158.39,6.324168940000001
2024-09-09,54857.17,6.902458690000002
2024-09-10,57055.68,6.961684409999999
2024-09-11,57636.19,6.642300200000001
2024-09-12,57345.38,8.331541650000005
2024-09-13,58136.5,7.495542160000001
2024-09-14,60565.91,6.598560970000001
2024-09-15,60004.02,6.327634969999999
2024-09-16,59136.83,6.483108030000002
2024-09-17,58194.98,8.24456446
2024-09-18,60304.22,7.0195752700000025
2024-09-19,61683.91,9.939919330000002
2024-09-20,62938.2,9.51326178
2024-09-21,63213.19,6.077332219999998
2024-09-22,63377.01,5.291587380000001
2024-09-23,63626.42,7.737245180000002
2024-09-24,63330.79,6.972871739999998
2024-09-25,64279.04,6.64890985
2024-09-26,63138.8,8.530835660000001
2024-09-27,65179.96,11.07140301
2024-09-28,65781.65,10.057608710000006
2024-09-29,65888.5,7.532710120000002
2024-09-30,65620.59,7.329881619999999
2024-10-01,63323.53,7.906132000000004
2024-10-02,60838.74,6.866653620000002
2024-10-03,60639.47,7.63887897
2024-10-04,60754.15,7.154656110000001
2024-10-05,62079.73,12.091758149999997
2024-10-06,62065.06,9.758786479999996
2024-10-07,62814.93,12.698043659999996
2024-10-08,62238.11,16.802805440000004
2024-10-09,62124.37,15.227246359999995
2024-10-10,60574.02,25.25120794
2024-10-11,60269.24,44.65100995
2024-10-12,62457.07,44.805854870000026
2024-10-13,63189.26,24.71939620000001
2024-10-14,62842.66,25.63414002000001
2024-10-15,66048.56,25.8082779
2024-10-16,67049.57,50.89065071
2024-10-17,67599.32,61.40548312
2024-10-18,67401.64,25.099345040000006
2024-10-19,68426.2,15.59986161
2024-10-20,68365.74,13.534341320000008
2024-10-21,69012.04,17.517528030000005
2024-10-22,67363.26,25.68647521
2024-10-23,67368.2,23.83021523
2024-10-24,66655.68,47.51820598
2024-10-25,68162.43,36.6805159
2024-10-26,66639.48,10.53645818
2024-10-27,67018.78,8.238787929999997
2024-10-28,67938.81,7.599977079999996
2024-10-29,69913.46,11.48340517000001
2024-10-30,72706.28,9.382139339999998
2024-10-31,72329.87,65.69168703000001
2024-11-01,70219.02,8.31104265
2024-11-02,69490.73,7.11291527
2024-11-03,69301.81,5.34670994
2024-11-04,68744.21,6.292461169999999
2024-11-05,67809.49,6.498973620000002
2024-11-06,69382.83,8.281041099999998
2024-11-07,75642.59,6.644519699999997
2024-11-08,75926.31,7.956816209999999
2024-11-09,76559.38,13.197820620000009
2024-11-10,76728.8,10.833933739999996
2024-11-11,80477.81,15.217004279999994
2024-11-12,88719.74,19.98806028
2024-11-13,87972.98,22.93449785
2024-11-14,90537.78,24.696528190000013
2024-11-15,87292.03,41.42119947999999
2024-11-16,91063.24,18.23980740999999
2024-11-17,90562.03,9.468733340000004
2024-11-18,89829.32,17.5232424
2024-11-19,90540.98,24.426576319999995
2024-11-20,92369.46,21.26364839
2024-11-21,94354.43,22.90097477000001
2024-11-22,98501.47,18.81865613
2024-11-23,99011.58,13.798748450000009
2024-11-24,97776.94,9.39341959
2024-11-25,98042.92,11.452037310000003
2024-11-26,93003.21,17.208246409999997
2024-11-27,91968.35,10.003405240000008
2024-11-28,95956.99,13.75384556
2024-11-29,95651.51,13.06399847
2024-11-30,97503.54,10.122530659999995
2024-12-01,96450.08,20.18743206
2024-12-02,97273.62,19.18933475
2024-12-03,95857.16,15.468752510000009
2024-12-04,95941.45,11.847352130000008
2024-12-05,98768.81,14.285236940000004
2024-12-06,97079.54,14.205155299999996
2024-12-07,99888.14,19.064581460000003
2024-12-08,99914.34,15.218431179999998
2024-12-09,101179.58,15.970320130000005
2024-12-10,97465.55,15.878999300000004
2024-12-11,96653.46,18.934288469999995
2024-12-12,101191.95,19.68859729
2024-12-13,100040.86,14.427766779999992
2024-12-14,101467.53,11.99334626
2024-12-15,101404.33,9.566018229999994
2024-12-16,104342.21,12.327577080000006
2024-12-17,106059.49,12.737618159999998
2024-12-18,106156.01,13.113399489999995
2024-12-19,100157.34,22.872701580000005
2024-12-20,97470.38,15.185983740000005
2024-12-21,97768.78,10.696730360000002
2024-12-22,97226.54,8.28500274
2024-12-23,95094.78,10.83545209
2024-12-24,94715.72,9.57170242
2024-12-25,98613.53,7.6938339799999955
2024-12-26,99300.12,7.723746139999999
2024-12-27,95685.77,6.8978916
2024-12-28,94152.68,5.660320319999999
2024-12-29,95144.81,6.465140890000002
2024-12-30,93536.42,7.073407629999999
2024-12-31,92652.68,5.921378609999997
2025-01-01,93406.74,4.759661460000001
2025-01-02,94409.13,5.551069279999997
2025-01-03,96853.63,6.13209851
2025-01-04,98122.01,5.93082589
2025-01-05,98242.07,5.909277129999999
2025-01-06,98319.2,6.616584960000002
2025-01-07,102253.31,7.26172212
2025-01-08,96916.58,7.57666765
2025-01-09,95049.45,7.305172840000002
2025-01-10,92493.26,6.897641989999999
2025-01-11,94702.66,5.451244299999999
2025-01-12,94569.61,4.894418349999999
2025-01-13,94478.37,7.777593819999997
2025-01-14,94497.68,6.545096559999997
2025-01-15,96527.14,7.512494490000001
2025-01-16,100511.85,7.348216059999999
2025-01-17,99976.92,8.995918040000001
2025-01-18,104103.44,6.172370099999999
2025-01-19,104408.89,6.482865510000001
2025-01-20,101217.01,12.371239609999996
2025-01-21,102042.06,10.22718074
2025-01-22,106158.27,7.665917770000001
2025-01-23,103637.06,6.8006484400000025
2025-01-24,103950.37,6.466192609999999
2025-01-25,104855.0,5.433938540000001
2025-01-26,104722.36,4.197874579999996
2025-01-27,102592.63,6.136746540000002
2025-01-28,102102.01,4.724427940000001
2025-01-29,101322.82,4.824865440000004
2025-01-30,103704.56,4.970967499999998
2025-01-31,104743.97,4.94344654
2025-02-01,102406.47,4.773690590000003
2025-02-02,100627.27,4.564019920000001
2025-02-03,97675.85,6.107991849999996
2025-02-04,101414.76,5.0579906600000015
2025-02-05,97877.42,5.4830443900000025
2025-02-06,96607.66,5.3041850299999975
2025-02-07,96564.45,5.351891899999998
2025-02-08,96540.7,4.520147470000002
2025-02-09,96486.54,3.493630489999999
2025-02-10,96487.05,4.58136983
2025-02-11,97461.49,5.258300990000002
2025-02-12,95752.0,4.636797630000001
2025-02-13,97877.16,5.6765656600000005
2025-02-14,96628.78,4.744212379999999
2025-02-15,97494.79,3.7976136300000016
2025-02-16,97593.62,4.318256670000002
2025-02-17,96176.21,6.171475370000001
2025-02-18,95771.14,4.703006010000002
2025-02-19,95544.0,5.127112650000003
2025-02-20,96642.79,5.346602119999999
2025-02-21,98331.0,5.657675749999999
2025-02-22,96111.11,6.37196667
2025-02-23,96580.65,11.503970640000002
2025-02-24,96274.79,13.87325245
2025-02-25,91538.39,11.39751135
2025-02-26,88664.31,10.904291969999996
2025-02-27,84115.7,8.387506729999998
2025-02-28,84645.86,6.554546429999998
2025-03-01,84379.79,5.81098518
2025-03-02,86025.07,5.543123860000001
2025-03-03,94255.51,6.063964170000003
2025-03-04,86081.79,5.247286169999998
2025-03-05,87226.39,4.84001704
2025-03-06,90608.57,5.1759084400000015
2025-03-07,89920.13,5.676973929999999
2025-03-08,86745.52,4.350521069999997
2025-03-09,86163.24,4.411021430000002
2025-03-10,80669.31,5.31973344
2025-03-11,78557.72,6.03321775
2025-03-12,82859.32,5.192840739999999
2025-03-13,83703.69,5.55966839
2025-03-14,81075.63,5.447541660000001
2025-03-15,83982.58,4.932599719999998
2025-03-16,84339.61,4.12027733
2025-03-17,82581.85,4.6849292600000005
2025-03-18,84040.57,4.506838129999999
2025-03-19,82718.44,5.288435740000002
2025-03-20,86867.58,5.471133450000001
2025-03-21,84174.28,5.047214160000001
2025-03-22,84042.1,9.808855499999996
2025-03-23,83813.07,5.978451089999999
2025-03-24,86057.08,6.170739919999998
2025-03-25,87509.31,13.104661220000004
2025-03-26,87475.15,9.679871510000002
2025-03-27,86907.02,5.287577219999997
2025-03-28,87187.77,6.115067460000001
2025-03-29,84362.88,4.203507310000001
2025-03-30,82612.14,3.1484340199999994
2025-03-31,82338.19,4.906377580000003
2025-04-01,82531.15,4.35392095
2025-04-02,85185.53,4.433548929999997
2025-04-03,82487.27,5.781421130000002
2025-04-04,83102.81,5.554925209999999
2025-04-05,83842.01,4.315435869999998
2025-04-06,83500.22,4.316536139999999
2025-04-07,78372.2,6.592971899999998
2025-04-08,79188.56,7.880272749999999
2025-04-09,76266.57,5.620677550000003
2025-04-10,82575.64,5.24074284
2025-04-11,79587.79,7.677592650000003
2025-04-12,83423.93,5.422091340000002
2025-04-13,85283.27,4.242069720000001
2025-04-14,83709.73,6.33317847
2025-04-15,84553.18,5.681177280000002
2025-04-16,83631.52,5.868664990000001
2025-04-17,84033.59,6.011910290000001
2025-04-18,84915.2,5.2935035400000015
2025-04-19,84466.72,6.378627280000001
2025-04-20,85090.63,5.480589480000002
2025-04-21,85172.64,6.560284010000002
2025-04-22,87522.75,6.276680270000003
2025-04-23,93472.65,11.29144978
2025-04-24,93708.71,8.97181044
2025-04-25,93970.77,6.110628580000001
2025-04-26,94724.46,4.4112459
2025-04-27,94660.46,5.182267590000003
2025-04-28,93782.18,6.627799750000001
2025-04-29,94998.2,6.174713820000004
2025-04-30,94274.98,6.592339369999999
2025-05-01,94206.41,5.512286359999998
2025-05-02,96507.26,5.579802940000001
2025-05-03,96927.01,3.965393129999998
2025-05-04,95895.74,3.40241752
2025-05-05,94312.45,5.109248460000002
2025-05-06,94727.8,5.229159700000001
2025-05-07,96818.39,6.64872211
2025-05-08,97042.54,6.54154471
2025-05-09,103223.26,6.867091060000005
2025-05-10,102982.07,4.437589340000001
2025-05-11,104766.27,3.42888556
2025-05-12,104130.99,12.94624506
2025-05-13,102827.18,6.271764770000001
2025-05-14,104154.71,7.209690770000002
2025-05-15,103552.22,5.429893889999996
2025-05-16,103757.39,12.225272919999998
2025-05-17,103499.95,7.1957170900000005
2025-05-18,103158.51,5.923634020000001
2025-05-19,106424.76,6.87923802
2025-05-20,105622.1,7.42181356
2025-05-21,106805.83,7.899307769999999
2025-05-22,109668.26,7.933973840000002
2025-05-23,111722.19,6.081902969999997
2025-05-24,107303.71,5.22566514
2025-05-25,107809.79,4.0790192
2025-05-26,109029.24,5.140571409999999
2025-05-27,109481.32,5.67924813
2025-05-28,108987.67,8.037025770000001
2025-05-29,107808.38,5.27497498
2025-05-30,105588.16,5.92137282
2025-05-31,104027.67,4.030807889999998
2025-06-01,104655.37,3.4782053300000024
2025-06-02,105701.48,4.7752589300000015
2025-06-03,105906.96,4.809507289999998
2025-06-04,105434.47,4.71820395
2025-06-05,104743.97,4.87605976
2025-06-06,101565.91,4.432632879999998
2025-06-07,104381.86,3.28337841
2025-06-08,105633.02,3.16718524
2025-06-09,105770.98,5.004216599999999
2025-06-10,110300.41,5.347743160000001
2025-06-11,110279.28,4.7645727
2025-06-12,108688.52,4.862165159999999
2025-06-13,105755.21,6.528064289999997
2025-06-14,106121.85,3.0589920699999995
2025-06-15,105466.67,2.629389429999999
2025-06-16,105558.7,4.9151213500000015
2025-06-17,106798.31,6.258866519999999
2025-06-18,104606.29,6.95175944
2025-06-19,104910.93,5.076947329999999
2025-06-20,104680.34,5.268377849999997
2025-06-21,103302.68,3.5180609499999984
2025-06-22,102141.77,2.7805980599999995
2025-06-23,100997.71,4.892287430000001
2025-06-24,105380.3,6.159378650000001
2025-06-25,106118.74,4.816177800000002
2025-06-26,107386.04,7.57462956
2025-06-27,106978.63,4.4448948900000005
2025-06-28,107110.33,3.851973370000001
2025-06-29,107334.13,2.85640286
2025-06-30,108385.58,4.2289726100000005
2025-07-01,107130.31,4.188574149999999
2025-07-02,105705.84,4.480227810000001
2025-07-03,108846.62,4.25061286
2025-07-04,109636.88,3.3710390200000013
2025-07-05,108026.4,3.07195076
2025-07-06,108243.13,4.014484620000002
2025-07-07,109223.78,4.042628769999999
2025-07-08,108300.56,4.5461275400000005
2025-07-09,108936.26,4.947681779999997
2025-07-10,111305.27,4.976067030000002
2025-07-11,115993.81,5.51715232
2025-07-12,117562.14,3.997999390000001
2025-07-13,117446.02,4.129076920000003
2025-07-14,119095.39,5.746631779999999
2025-07-15,119870.73,4.174215929999999
2025-07-16,117762.36,4.539328199999996
2025-07-17,118748.5,6.32918251
2025-07-18,119276.85,4.615433929999998
2025-07-19,118019.66,4.34842797
2025-07-20,117923.05,3.15968918
2025-07-21,117316.3,4.26422773
2025-07-22,117446.79,4.340824710000001
2025-07-23,120001.46,4.192607130000001
2025-07-24,118780.28,9.8211687
2025-07-25,118353.17,5.304907309999999
2025-07-26,117648.33,4.225674380000001
2025-07-27,117947.26,4.119706289999999
2025-07-28,119461.83,4.207920390000001
2025-07-29,118037.15,5.07253502
2025-07-30,117925.55,4.193228940000002
2025-07-31,117828.87,3.9699688900000014
2025-08-01,115754.1,5.450971709999999
2025-08-02,113262.81,4.1024273
2025-08-03,112521.7,2.9403954
2025-08-04,114226.86,3.3328413100000005
2025-08-05,115068.27,3.67403291
2025-08-06,114138.05,5.8791241
2025-08-07,115024.46,5.198369349999999
2025-08-08,117510.56,5.661166090000002
2025-08-09,116676.54,4.494624190000002
2025-08-10,116485.38,3.07651493
2025-08-11,119295.42,4.41552572
2025-08-12,118715.93,4.246542050000002
2025-08-13,120169.3,4.397483219999999
2025-08-14,123359.45,4.334277269999999
2025-08-15,118387.9,3.5997992999999986
2025-08-16,117419.5,2.98991241
2025-08-17,117484.12,2.54035809
2025-08-18,117455.5,3.3925466499999994
2025-08-19,116251.12,3.27074018
2025-08-20,112816.34,3.41356494
2025-08-21,114263.31,3.0897044099999995
2025-08-22,112432.68,3.47826203
2025-08-23,116866.95,2.73088837
2025-08-24,115372.47,2.273317749999999
2025-08-25,113468.36,2.84742787
2025-08-26,110138.68,3.186427219999998
2025-08-27,111803.49,3.649184339999998
2025-08-28,111252.32,3.3040221899999995
2025-08-29,112572.88,3.4954331800000005
2025-08-30,108370.55,3.2329491200000007
2025-08-31,108790.79,2.9831014600000003
2025-09-01,108234.82,9.44095697
2025-09-02,109250.51,4.966634959999998
2025-09-03,111202.95,6.27562614
2025-09-04,111737.55,4.856591310000002
2025-09-05,110732.71,5.84579367
2025-09-06,110657.04,3.459256969999997
2025-09-07,110231.14,3.233411279999997
2025-09-08,111175.46,3.990562090000001
2025-09-09,112078.8,4.616437449999996
2025-09-10,111523.15,4.036303750000002
2025-09-11,113969.34,3.96406988
2025-09-12,115517.68,4.835016370000001
2025-09-13,116105.02,4.261324429999999
2025-09-14,115965.47,3.1299257199999992
2025-09-15,115384.69,4.411655770000001
2025-09-16,115402.4,4.1760888000000005
2025-09-17,116797.5,4.5074941200000005
2025-09-18,116453.08,3.687311720000001
2025-09-19,117128.97,3.674187479999999
2025-09-20,115691.4,3.289423399999999
2025-09-21,115751.15,3.004029839999999
2025-09-22,115317.03,3.3842320399999988
2025-09-23,112752.31,2.7933159900000017
2025-09-24,112010.28,2.8783002099999995
2025-09-25,113316.86,3.278709529999999
2025-09-26,109036.72,4.05417458
2025-09-27,109698.86,2.56598488
2025-09-28,109688.85,2.1953073500000007
2025-09-29,112177.12,3.32714931
2025-09-30,114404.31,3.1584596399999985
2025-10-01,114034.76,3.63458238
2025-10-02,118617.71,4.140828319999999
2025-10-03,120627.96,5.13219673
2025-10-04,122282.99,3.968791010000001
2025-10-05,122433.34,2.6933604700000013
2025-10-06,123519.47,4.413891120000001
2025-10-07,124776.68,4.043981910000001
2025-10-08,121425.01,3.3791308699999987
2025-10-09,123341.25,3.796606820000001
2025-10-10,121684.39,4.02978368
2025-10-11,113139.0,3.5996094699999994
2025-10-12,110787.57,2.43852623
2025-10-13,115105.0,2.870619130000001
2025-10-14,115216.47,2.728828290000002
2025-10-15,113092.61,2.9678847700000013
2025-10-16,110784.88,3.168048689999999
2025-10-17,108192.62,3.67513419
2025-10-18,106466.05,2.554556979999999
2025-10-19,107209.72,2.231859960000001
2025-10-20,108688.24,2.930852719999999
2025-10-21,110576.7,2.9522500000000003
2025-10-22,108448.06,2.89572835
2025-10-23,107614.03,2.682201329999999
2025-10-24,110082.72,2.90537255
2025-10-25,111020.53,2.170093290000001
2025-10-26,111637.64,2.03701929
2025-10-27,114531.59,2.8215763299999983
2025-10-28,114121.46,2.9358787200000016
2025-10-29,112923.91,2.60840325
2025-10-30,110068.52,2.8674976
2025-10-31,108303.21,3.4729746400000003
2025-11-01,109552.54,2.469086779999999
2025-11-02,110047.16,2.0890156399999995
2025-11-03,110601.99,3.1251668300000013
2025-11-04,106533.38,3.95545963
2025-11-05,101523.49,4.18353984
2025-11-06,103883.58,3.328510879999999
2025-11-07,101282.56,3.3736862800000003
2025-11-08,103328.81,2.610205710000001
2025-11-09,102280.42,2.2947250500000003
2025-11-10,104712.19,3.8599020100000008
2025-11-11,105962.29,2.6898941500000006
2025-11-12,103017.87,2.60791945
2025-11-13,101659.07,
2025-11-14,99675.15,
2025-11-15,94399.23,
2025-11-16,95534.16,2.6074946200000007
2025-11-17,94187.75,4.475642680000001
2025-11-18,92093.24,3.725786330000001
2025-11-19,92979.11,3.329479060000001
2025-11-20,91453.07,3.17346516
2025-11-21,86467.17,3.63853668
2025-11-22,85096.82,2.94749949
2025-11-23,84677.63,2.32061272
2025-11-24,86786.92,2.583558169999999
2025-11-25,88276.26,3.1396815599999983
2025-11-26,87330.85,2.897206990000001
2025-11-27,90517.55,2.9220422
2025-11-28,91305.47,2.869712909999998
2025-11-29,90915.26,2.23100245
2025-11-30,90830.82,2.1331353199999987
2025-12-01,90376.43,4.100509060000001
2025-12-02,86316.42,3.900622880000001
2025-12-03,91320.47,3.564625080000001
2025-12-04,93468.15,3.227200399999999
2025-12-05,92141.99,3.57261113
2025-12-06,89343.14,2.405767989999999
2025-12-07,89230.51,1.9910294699999995
2025-12-08,90455.3,2.6104669300000003
2025-12-09,90643.57,2.98038128
2025-12-10,92703.59,2.68940365
2025-12-11,91985.09,2.64744661
2025-12-12,92497.93,2.83746043
2025-12-13,90269.59,2.1866254999999994
2025-12-14,90280.87,1.9304611599999992
2025-12-15,88166.45,2.778680069999999
2025-12-16,86422.9,2.72140663
2025-12-17,87835.39,2.81297801
2025-12-18,86132.82,2.7416777500000014
2025-12-19,85458.35,3.281081109999999
2025-12-20,88098.82,2.1886668800000004
2025-12-21,88337.41,1.87931674
2025-12-22,88615.72,2.550064770000001
2025-12-23,88485.37,2.5518431299999995
2025-12-24,87424.67,2.7367379600000006
2025-12-25,87607.78,2.087749729999999
2025-12-26,87223.66,2.36586472
2025-12-27,87300.34,2.1186321800000014
2025-12-28,87790.37,2.13680788
2025-12-29,87835.12,2.744817419999999
2025-12-30,87123.05,2.9727451299999994
2025-12-31,88423.54,3.1552870900000007
2026-01-01,87493.87,2.23460679
2026-01-02,88735.0,2.68624645
2026-01-03,89944.05,2.6202714900000004
2026-01-04,90590.94,2.3961678399999995
2026-01-05,91467.97,2.7874633699999984
2026-01-06,93882.39,2.764380860000001
2026-01-07,93738.8,2.598904729999999
2026-01-08,91272.61,2.52742997
2026-01-09,91030.38,2.61101839
2026-01-10,90495.68,2.0357587600000007
2026-01-11,90378.79,1.9199271000000004
2026-01-12,90818.26,2.3735584100000007
2026-01-13,91193.7,2.951372239999998
2026-01-14,95333.81,3.07288284
2026-01-15,96931.94,3.252281839999999
2026-01-16,95559.97,3.31762974
2026-01-17,95527.94,2.3392041300000006
2026-01-18,95097.89,1.86424165
2026-01-19,93665.1,2.2826795899999985
2026-01-20,92553.06,2.74208451
2026-01-21,88324.94,2.6855125300000005
2026-01-22,89374.74,2.286620749999999
2026-01-23,89461.76,2.5137265200000005
2026-01-24,89506.0,2.01546836
2026-01-25,89082.07,1.92790523
2026-01-26,86570.94,2.377031429999999
2026-01-27,88245.67,2.30411534
2026-01-28,89117.06,2.87090808
2026-01-29,89159.85,2.7397767600000003
2026-01-30,84563.4,3.3506195999999986
2026-01-31,84120.31,3.0406678
2026-02-01,78585.89,2.5215900399999995
2026-02-02,76879.64,3.417842390000001
2026-02-03,78679.78,3.29510479
2026-02-04,75631.64,3.217600219999999
2026-02-05,73004.18,5.5928349
2026-02-06,62812.06,6.2408455
2026-02-07,70520.32,2.7678888600000016
2026-02-08,69282.65,2.2321171099999995
2026-02-09,70284.84,2.92349561
2026-02-10,70131.23,2.5959583
2026-02-11,68794.25,2.9357485400000005
2026-02-12,66979.72,2.5517531400000006
2026-02-13,66205.98,2.76451144
2026-02-14,68851.99,2.18313033
2026-02-15,69754.68,1.8514430800000008
2026-02-16,68784.72,2.21631648
2026-02-17,68840.26,2.29023986
2026-02-18,67459.99,2.306383779999999
2026-02-19,66427.8,2.3578648
2026-02-20,66956.88,2.590732749999999
2026-02-21,67994.8,2.15964537
2026-02-22,67966.35,1.87910113
2026-02-23,67614.9,2.60488702
2026-02-24,64619.94,2.695604439999999
2026-02-25,64043.32,2.91444115
2026-02-26,67984.76,3.43086166
2026-02-27,67470.73,3.0155843000000004
2026-02-28,65866.66,2.52753703
2026-03-01,67006.09,2.552800470000001
2026-03-02,65762.29,2.658806369999999
2026-03-03,68775.78,2.70504003
2026-03-04,68264.82,3.03064152
2026-03-05,72758.05,2.754204009999999
2026-03-06,70886.76,2.92696968
2026-03-07,68128.59,2.21186868
2026-03-08,67279.51,1.96417132
2026-03-09,65940.8,2.5166538000000007
2026-03-10,68452.78,2.69723863
2026-03-11,69922.38,2.79884208
2026-03-12,70197.35,2.69225377
2026-03-13,70493.61,3.3465312299999987
2026-03-14,70966.24,2.05410207
2026-03-15,71218.64,1.9687599200000008
2026-03-16,72819.88,2.542807089999999
2026-03-17,74859.5,3.0789003700000004
2026-03-18,73927.68,2.6175939300000013
2026-03-19,71263.46,2.94951944
2026-03-20,69911.35,2.72301647
2026-03-21,70507.53,2.6838131900000004
2026-03-22,68890.19,2.07426659
2026-03-23,67849.71,2.450479819999999
2026-03-24,70885.18,2.5000176200000004
2026-03-25,70517.65,2.6523244300000006
2026-03-26,71301.05,2.368157569999999
2026-03-27,68779.41,2.6733837
2026-03-28,66329.87,1.8646291600000005
2026-03-29,66320.1,1.6342692299999992
2026-03-30,65956.94,2.49977593
2026-03-31,66694.46,2.47214933
2026-04-01,68216.53,2.5519788400000007
2026-04-02,68099.79,2.5470017899999995
2026-04-03,66891.36,2.6145644900000007
2026-04-04,66931.75,2.04944825
2026-04-05,67286.12,1.6123819400000006
2026-04-06,68996.55,2.175667849999999
2026-04-07,68856.54,2.36089633
2026-04-08,71949.58,2.44339218
2026-04-09,71129.61,2.399808300000001
2026-04-10,71771.25,2.672592899999999
2026-04-11,72976.07,1.9800370899999995
2026-04-12,73065.17,1.7629468799999994
2026-04-13,70768.13,2.31460802
2026-04-14,74501.01,2.52465932
2026-04-15,74195.34,2.70737594
2026-04-16,74814.99,2.5916967900000003
2026-04-17,75169.74,3.4935794500000004
2026-04-18,77143.43,2.106092080000001
2026-04-19,75734.7,1.7609784100000003
2026-04-20,73857.03,2.63214623
2026-04-21,75873.82,2.45859733
2026-04-22,76353.08,3.299832900000002
2026-04-23,78206.49,2.7619479000000005
2026-04-24,78266.65,2.46855224
2026-04-25,77458.76,1.97454031
2026-04-26,77636.09,1.7574351199999994
2026-04-27,78649.47,2.29618059
2026-04-28,77373.46,2.64984062
2026-04-29,76347.25,2.8850448
2026-04-30,75781.88,3.971825660000001
2026-05-01,76286.46,3.3259240300000004
2026-05-02,78195.88,2.41084214
2026-05-03,78670.21,1.9945220300000004
2026-05-04,78543.1,2.529828580000001
2026-05-05,79827.87,2.86203332
2026-05-06,80928.41,2.7916943899999995
2026-05-07,81436.54,3.0738723199999995
2026-05-08,80015.99,2.9217872199999992
2026-05-09,80197.58,7.172833949999999
2026-05-10,80672.03,2.1798416
2026-05-11,82146.2,2.463220339999999
2026-05-12,81738.19,2.8169653
2026-05-13,80491.45,2.596375229999999
2026-05-14,79285.66,2.618785069999999
2026-05-15,81067.56,3.1612149000000014
2026-05-16,79063.02,2.31568445
2026-05-17,78140.84,2.06065632
2026-05-18,77409.45,2.515258629999999
2026-05-19,76947.45,2.5445520900000003
2026-05-20,76752.77,2.4400695900000007
2026-05-21,77463.34,2.73413652
2026-05-22,77538.22,2.5755136200000006
2026-05-23,75460.93,2.329800080000001
2026-05-24,76673.89,2.13695834
2026-05-25,76985.38,2.7761711099999995
2026-05-26,77284.84,3.42849652
2026-05-27,75823.27,2.997487610000001
2026-05-28,74348.35,3.4900770900000007
2026-05-29,73539.08,3.88629609
2026-05-30,73372.1,2.99792147
2026-05-31,73754.51,2.7184394200000006
2026-06-01,73570.59,3.5824490900000003
2026-06-02,71325.64,3.985760099999999
2026-06-03,66676.55,4.358236390000003
2026-06-04,64012.8,4.164689669999998
2026-06-05,63812.6,3.9319772300000007
2026-06-06,61039.24,2.919377729999999
2026-06-07,60861.29,2.3545421700000007
2026-06-08,63274.63,2.9234829599999985
2026-06-09,63090.31,3.1054598700000007
2026-06-10,61642.38,3.014567329999999
2026-06-11,61450.38,3.5512813800000003
2026-06-12,63547.89,3.78386808
2026-06-13,63539.65,3.41175237
2026-06-14,64427.29,2.65664341
2026-06-15,65713.21,3.71797972
2026-06-16,66285.33,3.3164144300000014
2026-06-17,65611.77,3.34046601
2026-06-18,64428.91,3.45834819
2026-06-19,62900.98,3.2586202400000004
2026-06-20,63486.22,2.6796111999999987
2026-06-21,64250.43,2.44324063
2026-06-22,63234.7,3.06325822
2026-06-23,63952.2,3.230137560000001
2026-06-24,62653.71,3.3961388300000004
2026-06-25,60984.24,3.3656588099999984
2026-06-26,59709.65,3.435837640000001
2026-06-27,60023.84,2.76634423
2026-06-28,59941.43,2.2834087800000007
2026-06-29,59496.75,3.384016270000001
2026-06-30,60136.19,4.05526357
2026-07-01,58534.28,3.596293950000001
2026-07-02,59963.86,4.078822440000001
2026-07-03,61484.36,3.366494109999999
2026-07-04,62545.03,2.4419850500000004
2026-07-05,63086.45,2.2594360600000005
2026-07-06,63572.03,
2026-07-07,,3.63525092
2026-07-08,63287.15,
2026-07-09,,2.7751752800000005
2026-07-10,63187.84,
2026-07-11,,2.2531465400000004
2026-07-12,63782.83,
